Recebido;Node;RSSI;SNR;Client ID;Bateria;Client RSSI;Mensagem
29/06/2022 09:55;300;-72;56;3028272;368%;-;2c 01 28 5b 45 78 74 5d 48 3a 35 38 2e 35 30 54 3a 32 35 2e 37 30 49 3a 32 35 2e 38 35 5b 49 6e 74 5d 48 3a 30 2e 30 30 54 3a 30 2e 30 30 50 3a 20 30 b4 df
29/06/2022 09:54;300;-72;56;3028272;368%;-;2c 01 28 5b 45 78 74 5d 48 3a 35 38 2e 35 30 54 3a 32 35 2e 37 30 49 3a 32 35 2e 38 35 5b 49 6e 74 5d 48 3a 30 2e 30 30 54 3a 30 2e 30 30 50 3a 20 30 b4 df
29/06/2022 09:53;300;-72;56;3028272;368%;-;2c 01 28 5b 45 78 74 5d 48 3a 35 38 2e 35 30 54 3a 32 35 2e 37 30 49 3a 32 35 2e 38 35 5b 49 6e 74 5d 48 3a 30 2e 30 30 54 3a 30 2e 30 30 50 3a 20 30 b4 df
29/06/2022 09:52;300;-72;56;3028272;368%;-;2c 01 28 5b 45 78 74 5d 48 3a 35 38 2e 35 30 54 3a 32 35 2e 35 30 49 3a 32 35 2e 36 33 5b 49 6e 74 5d 48 3a 30 2e 30 30 54 3a 30 2e 30 30 50 3a 20 30 9c 79
29/06/2022 09:52;255;-108;3;5417;-;-12;ff 00 28 12 02 19 67 00 6c 00 4f 03 00 15 29 00 e6 bd 1a 0c 06 b6 4a 04 ff ff 67 76 99 55
29/06/2022 09:51;300;-72;56;3028528;368%;-;2c 01 28 5b 45 78 74 5d 48 3a 35 38 2e 36 30 54 3a 32 35 2e 36 30 49 3a 32 35 2e 37 35 5b 49 6e 74 5d 48 3a 30 2e 30 30 54 3a 30 2e 30 30 50 3a 20 30 93 cf
29/06/2022 09:50;300;-72;56;3028272;368%;-;2c 01 28 5b 45 78 74 5d 48 3a 35 38 2e 35 30 54 3a 32 35 2e 37 30 49 3a 32 35 2e 38 35 5b 49 6e 74 5d 48 3a 30 2e 30 30 54 3a 30 2e 30 30 50 3a 20 30 b4 df
29/06/2022 09:49;300;-72;56;3028528;368%;-;2c 01 28 5b 45 78 74 5d 48 3a 35 38 2e 36 30 54 3a 32 35 2e 34 30 49 3a 32 35 2e 35 33 5b 49 6e 74 5d 48 3a 30 2e 30 30 54 3a 30 2e 30 30 50 3a 20 30 ee 3c
29/06/2022 09:48;300;-72;56;3028528;368%;-;2c 01 28 5b 45 78 74 5d 48 3a 35 38 2e 36 30 54 3a 32 35 2e 37 30 49 3a 32 35 2e 38 36 5b 49 6e 74 5d 48 3a 30 2e 30 30 54 3a 30 2e 30 30 50 3a 20 30 e0 3a
29/06/2022 09:46;300;-72;56;3029040;368%;-;2c 01 28 5b 45 78 74 5d 48 3a 35 38 2e 38 30 54 3a 32 34 2e 39 30 49 3a 32 34 2e 39 38 5b 49 6e 74 5d 48 3a 30 2e 30 30 54 3a 30 2e 30 30 50 3a 20 30 be bf
29/06/2022 09:45;300;-72;56;3029040;368%;-;2c 01 28 5b 45 78 74 5d 48 3a 35 38 2e 38 30 54 3a 32 35 2e 38 30 49 3a 32 35 2e 39 37 5b 49 6e 74 5d 48 3a 30 2e 30 30 54 3a 30 2e 30 30 50 3a 20 30 55 fa
29/06/2022 09:44;300;-72;56;3029296;368%;-;2c 01 28 5b 45 78 74 5d 48 3a 35 38 2e 39 30 54 3a 32 35 2e 36 30 49 3a 32 35 2e 37 35 5b 49 6e 74 5d 48 3a 30 2e 30 30 54 3a 30 2e 30 30 50 3a 20 30 2d 3f
29/06/2022 09:43;300;-72;56;3029296;368%;-;2c 01 28 5b 45 78 74 5d 48 3a 35 38 2e 39 30 54 3a 32 35 2e 36 30 49 3a 32 35 2e 37 35 5b 49 6e 74 5d 48 3a 30 2e 30 30 54 3a 30 2e 30 30 50 3a 20 30 2d 3f
29/06/2022 09:42;300;-72;56;3029040;368%;-;2c 01 28 5b 45 78 74 5d 48 3a 35 38 2e 38 30 54 3a 32 35 2e 34 30 49 3a 32 35 2e 35 33 5b 49 6e 74 5d 48 3a 30 2e 30 30 54 3a 30 2e 30 30 50 3a 20 30 4c 5c
29/06/2022 09:41;300;-72;56;3029296;368%;-;2c 01 28 5b 45 78 74 5d 48 3a 35 38 2e 39 30 54 3a 32 35 2e 37 30 49 3a 32 35 2e 38 36 5b 49 6e 74 5d 48 3a 30 2e 30 30 54 3a 30 2e 30 30 50 3a 20 30 5e ca
29/06/2022 09:40;300;-72;57;3026992;368%;-;2c 01 28 5b 45 78 74 5d 48 3a 35 39 2e 30 30 54 3a 32 35 2e 33 30 49 3a 32 35 2e 34 33 5b 49 6e 74 5d 48 3a 30 2e 30 30 54 3a 30 2e 30 30 50 3a 20 30 62 5c
29/06/2022 09:39;300;-72;57;3026992;368%;-;2c 01 28 5b 45 78 74 5d 48 3a 35 39 2e 30 30 54 3a 32 35 2e 33 30 49 3a 32 35 2e 34 33 5b 49 6e 74 5d 48 3a 30 2e 30 30 54 3a 30 2e 30 30 50 3a 20 30 62 5c
29/06/2022 09:38;300;-58;46;3158100;-;-54;2c 01 28 45 78 74 5d 48 3a 35 39 2e 30 30 54 3a 32 35 2e 36 30 49 3a 32 35 2e 37 36 5b 49 6e 74 5d 48 3a 30 2e 30 30 54 3a 30 2e 30 30 50 3a 20 30 ab 49
29/06/2022 09:38;300;0;0;;-;-;2c 01 28 5b 7f 6b
29/06/2022 09:37;300;-72;57;3027248;368%;-;2c 01 28 5b 45 78 74 5d 48 3a 35 39 2e 31 30 54 3a 32 35 2e 35 30 49 3a 32 35 2e 36 35 5b 49 6e 74 5d 48 3a 30 2e 30 30 54 3a 30 2e 30 30 50 3a 20 30 04 3f
29/06/2022 09:36;300;-72;57;3027504;368%;-;2c 01 28 5b 45 78 74 5d 48 3a 35 39 2e 32 30 54 3a 32 35 2e 33 30 49 3a 32 35 2e 34 33 5b 49 6e 74 5d 48 3a 30 2e 30 30 54 3a 30 2e 30 30 50 3a 20 30 59 3c
29/06/2022 09:35;300;-72;57;3027248;368%;-;2c 01 28 5b 45 78 74 5d 48 3a 35 39 2e 31 30 54 3a 32 35 2e 36 30 49 3a 32 35 2e 37 36 5b 49 6e 74 5d 48 3a 30 2e 30 30 54 3a 30 2e 30 30 50 3a 20 30 b9 46
29/06/2022 09:34;300;-72;57;3027248;368%;-;2c 01 28 5b 45 78 74 5d 48 3a 35 39 2e 31 30 54 3a 32 35 2e 36 30 49 3a 32 35 2e 37 36 5b 49 6e 74 5d 48 3a 30 2e 30 30 54 3a 30 2e 30 30 50 3a 20 30 b9 46
29/06/2022 09:33;300;-72;57;3027504;368%;-;2c 01 28 5b 45 78 74 5d 48 3a 35 39 2e 32 30 54 3a 32 35 2e 35 30 49 3a 32 35 2e 36 35 5b 49 6e 74 5d 48 3a 30 2e 30 30 54 3a 30 2e 30 30 50 3a 20 30 23 cf
29/06/2022 09:32;255;-75;6;5580;80%;-;ff 00 28 12 02 19 67 00 4b 00 4e 06 00 15 cc 00 50 9a 1a 0a 06 8b bc c5 ff ff 67 76 18 ab
29/06/2022 09:32;300;-72;57;3027248;368%;-;2c 01 28 5b 45 78 74 5d 48 3a 35 39 2e 31 30 54 3a 32 35 2e 35 30 49 3a 32 35 2e 36 35 5b 49 6e 74 5d 48 3a 30 2e 30 30 54 3a 30 2e 30 30 50 3a 20 30 04 3f
29/06/2022 09:31;300;-72;57;3027248;368%;-;2c 01 28 5b 45 78 74 5d 48 3a 35 39 2e 31 30 54 3a 32 35 2e 36 30 49 3a 32 35 2e 37 36 5b 49 6e 74 5d 48 3a 30 2e 30 30 54 3a 30 2e 30 30 50 3a 20 30 b9 46
29/06/2022 09:30;300;-72;57;3027504;368%;-;2c 01 28 5b 45 78 74 5d 48 3a 35 39 2e 32 30 54 3a 32 35 2e 35 30 49 3a 32 35 2e 36 35 5b 49 6e 74 5d 48 3a 30 2e 30 30 54 3a 30 2e 30 30 50 3a 20 30 23 cf
29/06/2022 09:29;300;-72;57;3027504;368%;-;2c 01 28 5b 45 78 74 5d 48 3a 35 39 2e 32 30 54 3a 32 35 2e 35 30 49 3a 32 35 2e 36 35 5b 49 6e 74 5d 48 3a 30 2e 30 30 54 3a 30 2e 30 30 50 3a 20 30 23 cf
29/06/2022 09:28;300;-72;57;3027760;368%;-;2c 01 28 5b 45 78 74 5d 48 3a 35 39 2e 33 30 54 3a 32 35 2e 30 30 49 3a 32 35 2e 31 30 5b 49 6e 74 5d 48 3a 30 2e 30 30 54 3a 30 2e 30 30 50 3a 20 30 ca 26
29/06/2022 09:27;300;-72;57;3027760;368%;-;2c 01 28 5b 45 78 74 5d 48 3a 35 39 2e 33 30 54 3a 32 35 2e 34 30 49 3a 32 35 2e 35 34 5b 49 6e 74 5d 48 3a 30 2e 30 30 54 3a 30 2e 30 30 50 3a 20 30 ba 26
29/06/2022 09:26;300;-72;57;3027760;368%;-;2c 01 28 5b 45 78 74 5d 48 3a 35 39 2e 33 30 54 3a 32 35 2e 36 30 49 3a 32 35 2e 37 36 5b 49 6e 74 5d 48 3a 30 2e 30 30 54 3a 30 2e 30 30 50 3a 20 30 82 26
29/06/2022 09:25;300;-72;57;3027760;368%;-;2c 01 28 5b 45 78 74 5d 48 3a 35 39 2e 33 30 54 3a 32 35 2e 35 30 49 3a 32 35 2e 36 35 5b 49 6e 74 5d 48 3a 30 2e 30 30 54 3a 30 2e 30 30 50 3a 20 30 3f 5f
29/06/2022 09:24;300;-72;57;3027504;368%;-;2c 01 28 5b 45 78 74 5d 48 3a 35 39 2e 32 30 54 3a 32 34 2e 38 30 49 3a 32 34 2e 38 38 5b 49 6e 74 5d 48 3a 30 2e 30 30 54 3a 30 2e 30 30 50 3a 20 30 ae 7f
29/06/2022 09:23;300;-72;57;3028016;368%;-;2c 01 28 5b 45 78 74 5d 48 3a 35 39 2e 34 30 54 3a 32 35 2e 35 30 49 3a 32 35 2e 36 36 5b 49 6e 74 5d 48 3a 30 2e 30 30 54 3a 30 2e 30 30 50 3a 20 30 1d 7a
29/06/2022 09:22;300;-72;57;3028016;368%;-;2c 01 28 5b 45 78 74 5d 48 3a 35 39 2e 34 30 54 3a 32 35 2e 34 30 49 3a 32 35 2e 35 35 5b 49 6e 74 5d 48 3a 30 2e 30 30 54 3a 30 2e 30 30 50 3a 20 30 3b da
29/06/2022 09:20;300;-72;57;3028272;368%;-;2c 01 28 5b 45 78 74 5d 48 3a 35 39 2e 35 30 54 3a 32 35 2e 32 30 49 3a 32 35 2e 33 33 5b 49 6e 74 5d 48 3a 30 2e 30 30 54 3a 30 2e 30 30 50 3a 20 30 6f 4a
29/06/2022 09:19;300;-72;57;3028272;368%;-;2c 01 28 5b 45 78 74 5d 48 3a 35 39 2e 35 30 54 3a 32 35 2e 34 30 49 3a 32 35 2e 35 35 5b 49 6e 74 5d 48 3a 30 2e 30 30 54 3a 30 2e 30 30 50 3a 20 30 27 4a
29/06/2022 09:18;300;-72;57;3028272;368%;-;2c 01 28 5b 45 78 74 5d 48 3a 35 39 2e 35 30 54 3a 32 35 2e 32 30 49 3a 32 35 2e 33 33 5b 49 6e 74 5d 48 3a 30 2e 30 30 54 3a 30 2e 30 30 50 3a 20 30 6f 4a
29/06/2022 09:17;300;-72;57;3028272;368%;-;2c 01 28 5b 45 78 74 5d 48 3a 35 39 2e 35 30 54 3a 32 35 2e 31 30 49 3a 32 35 2e 32 32 5b 49 6e 74 5d 48 3a 30 2e 30 30 54 3a 30 2e 30 30 50 3a 20 30 71 ea
29/06/2022 09:16;300;-72;57;3028272;368%;-;2c 01 28 5b 45 78 74 5d 48 3a 35 39 2e 35 30 54 3a 32 35 2e 33 30 49 3a 32 35 2e 34 34 5b 49 6e 74 5d 48 3a 30 2e 30 30 54 3a 30 2e 30 30 50 3a 20 30 3e ea
29/06/2022 09:15;300;-72;57;3028528;368%;-;2c 01 28 5b 45 78 74 5d 48 3a 35 39 2e 36 30 54 3a 32 35 2e 33 30 49 3a 32 35 2e 34 34 5b 49 6e 74 5d 48 3a 30 2e 30 30 54 3a 30 2e 30 30 50 3a 20 30 19 1a
29/06/2022 09:14;300;-72;57;3028784;368%;-;2c 01 28 5b 45 78 74 5d 48 3a 35 39 2e 37 30 54 3a 32 35 2e 32 30 49 3a 32 35 2e 33 33 5b 49 6e 74 5d 48 3a 30 2e 30 30 54 3a 30 2e 30 30 50 3a 20 30 54 2a
29/06/2022 09:13;300;-72;57;3028784;368%;-;2c 01 28 5b 45 78 74 5d 48 3a 35 39 2e 37 30 54 3a 32 35 2e 34 30 49 3a 32 35 2e 35 35 5b 49 6e 74 5d 48 3a 30 2e 30 30 54 3a 30 2e 30 30 50 3a 20 30 1c 2a
29/06/2022 09:12;300;-72;57;3029040;368%;-;2c 01 28 5b 45 78 74 5d 48 3a 35 39 2e 38 30 54 3a 32 35 2e 32 30 49 3a 32 35 2e 33 34 5b 49 6e 74 5d 48 3a 30 2e 30 30 54 3a 30 2e 30 30 50 3a 20 30 dc 3c
29/06/2022 09:11;300;-72;57;3029296;368%;-;2c 01 28 5b 45 78 74 5d 48 3a 35 39 2e 39 30 54 3a 32 35 2e 33 30 49 3a 32 35 2e 34 35 5b 49 6e 74 5d 48 3a 30 2e 30 30 54 3a 30 2e 30 30 50 3a 20 30 77 26
29/06/2022 09:11;255;-65;8;16486;800%;-;ff 00 28 12 02 19 67 00 41 00 4c 08 00 40 66 00 56 54 3b 64 00 e5 f3 0c ff ff 67 76 d3 a3
29/06/2022 09:10;300;-72;48;3026992;368%;-;2c 01 28 5b 45 78 74 5d 48 3a 36 30 2e 30 30 54 3a 32 35 2e 32 30 49 3a 32 35 2e 33 34 5b 49 6e 74 5d 48 3a 30 2e 30 30 54 3a 30 2e 30 30 50 3a 20 30 83 3b
29/06/2022 09:09;300;-72;48;3027248;368%;-;2c 01 28 5b 45 78 74 5d 48 3a 36 30 2e 31 30 54 3a 32 35 2e 32 30 49 3a 32 35 2e 33 34 5b 49 6e 74 5d 48 3a 30 2e 30 30 54 3a 30 2e 30 30 50 3a 20 30 9f ab
29/06/2022 09:08;300;-72;48;3027248;368%;-;2c 01 28 5b 45 78 74 5d 48 3a 36 30 2e 31 30 54 3a 32 35 2e 32 30 49 3a 32 35 2e 33 34 5b 49 6e 74 5d 48 3a 30 2e 30 30 54 3a 30 2e 30 30 50 3a 20 30 9f ab
29/06/2022 09:07;300;-72;48;3027504;368%;-;2c 01 28 5b 45 78 74 5d 48 3a 36 30 2e 32 30 54 3a 32 35 2e 34 30 49 3a 32 35 2e 35 37 5b 49 6e 74 5d 48 3a 30 2e 30 30 54 3a 30 2e 30 30 50 3a 20 30 65 64
29/06/2022 09:06;300;0;0;;-;-;2c 01 28 22 61 b0 11 11 21 e1 02 4b
29/06/2022 09:05;300;-72;48;3027760;368%;-;2c 01 28 5b 45 78 74 5d 48 3a 36 30 2e 33 30 54 3a 32 35 2e 33 30 49 3a 32 35 2e 34 36 5b 49 6e 74 5d 48 3a 30 2e 30 30 54 3a 30 2e 30 30 50 3a 20 30 60 54
29/06/2022 09:04;300;-72;48;3028016;368%;-;2c 01 28 5b 45 78 74 5d 48 3a 36 30 2e 34 30 54 3a 32 35 2e 31 30 49 3a 32 35 2e 32 34 5b 49 6e 74 5d 48 3a 30 2e 30 30 54 3a 30 2e 30 30 50 3a 20 30 3b 97
29/06/2022 09:03;300;-72;48;3028272;368%;-;2c 01 28 5b 45 78 74 5d 48 3a 36 30 2e 35 30 54 3a 32 35 2e 35 30 49 3a 32 35 2e 36 39 5b 49 6e 74 5d 48 3a 30 2e 30 30 54 3a 30 2e 30 30 50 3a 20 30 0e 6d
29/06/2022 09:03;255;-83;7;1712;-;-9;ff 00 28 12 02 19 67 00 53 00 4b 07 00 06 b0 00 23 f1 1e 09 07 bb 83 c5 ff ff 67 76 6b 26
29/06/2022 09:03;255;-84;7;1712;80%;-;ff 00 28 12 02 19 67 00 54 00 4a 07 00 06 b0 00 23 f0 1e 0a 07 2d 2d 88 ff ff 67 76 5c e8
29/06/2022 09:03;255;-83;7;1712;-;-9;ff 00 28 12 02 19 67 00 53 00 49 07 00 06 b0 00 23 ef 1e 09 07 77 d4 6d ff ff 67 76 ca 85
29/06/2022 09:02;300;-72;48;3028528;368%;-;2c 01 28 5b 45 78 74 5d 48 3a 36 30 2e 36 30 54 3a 32 35 2e 30 30 49 3a 32 35 2e 31 34 5b 49 6e 74 5d 48 3a 30 2e 30 30 54 3a 30 2e 30 30 50 3a 20 30 55 42
29/06/2022 09:01;300;-72;48;3028528;368%;-;2c 01 28 5b 45 78 74 5d 48 3a 36 30 2e 36 30 54 3a 32 34 2e 39 30 49 3a 32 35 2e 30 33 5b 49 6e 74 5d 48 3a 30 2e 30 30 54 3a 30 2e 30 30 50 3a 20 30 a0 c4
29/06/2022 09:00;300;-72;48;3028784;368%;-;2c 01 28 5b 45 78 74 5d 48 3a 36 30 2e 37 30 54 3a 32 35 2e 32 30 49 3a 32 35 2e 33 36 5b 49 6e 74 5d 48 3a 30 2e 30 30 54 3a 30 2e 30 30 50 3a 20 30 71 d2
29/06/2022 08:59;300;-72;48;3029040;368%;-;2c 01 28 5b 45 78 74 5d 48 3a 36 30 2e 38 30 54 3a 32 35 2e 31 30 49 3a 32 35 2e 32 35 5b 49 6e 74 5d 48 3a 30 2e 30 30 54 3a 30 2e 30 30 50 3a 20 30 72 5b
29/06/2022 08:58;300;-72;48;3029296;368%;-;2c 01 28 5b 45 78 74 5d 48 3a 36 30 2e 39 30 54 3a 32 34 2e 39 30 49 3a 32 35 2e 30 34 5b 49 6e 74 5d 48 3a 30 2e 30 30 54 3a 30 2e 30 30 50 3a 20 30 28 d2
29/06/2022 08:57;300;-72;48;3029296;368%;-;2c 01 28 5b 45 78 74 5d 48 3a 36 30 2e 39 30 54 3a 32 35 2e 30 30 49 3a 32 35 2e 31 35 5b 49 6e 74 5d 48 3a 30 2e 30 30 54 3a 30 2e 30 30 50 3a 20 30 3b 7e
29/06/2022 08:56;300;-72;48;3029296;368%;-;2c 01 28 5b 45 78 74 5d 48 3a 36 30 2e 39 30 54 3a 32 34 2e 39 30 49 3a 32 35 2e 30 34 5b 49 6e 74 5d 48 3a 30 2e 30 30 54 3a 30 2e 30 30 50 3a 20 30 28 d2
29/06/2022 08:55;300;-72;49;3027248;368%;-;2c 01 28 5b 45 78 74 5d 48 3a 36 31 2e 31 30 54 3a 32 35 2e 30 30 49 3a 32 35 2e 31 35 5b 49 6e 74 5d 48 3a 30 2e 30 30 54 3a 30 2e 30 30 50 3a 20 30 dc 12
29/06/2022 08:54;300;-72;49;3027504;368%;-;2c 01 28 5b 45 78 74 5d 48 3a 36 31 2e 32 30 54 3a 32 35 2e 32 30 49 3a 32 35 2e 33 37 5b 49 6e 74 5d 48 3a 30 2e 30 30 54 3a 30 2e 30 30 50 3a 20 30 c3 e2
29/06/2022 08:53;300;-72;49;3027760;368%;-;2c 01 28 5b 45 78 74 5d 48 3a 36 31 2e 33 30 54 3a 32 35 2e 32 30 49 3a 32 35 2e 33 38 5b 49 6e 74 5d 48 3a 30 2e 30 30 54 3a 30 2e 30 30 50 3a 20 30 60 32
29/06/2022 08:52;255;-108;3;5417;56%;-;ff 00 28 12 02 19 67 00 6c 00 48 03 00 15 29 00 e6 bc 1a 07 06 ff be 89 ff ff 67 76 be 43
29/06/2022 08:52;300;-72;49;3027760;368%;-;2c 01 28 5b 45 78 74 5d 48 3a 36 31 2e 33 30 54 3a 32 35 2e 30 30 49 3a 32 35 2e 31 36 5b 49 6e 74 5d 48 3a 30 2e 30 30 54 3a 30 2e 30 30 50 3a 20 30 94 67
29/06/2022 08:51;300;-72;49;3027760;368%;-;2c 01 28 5b 45 78 74 5d 48 3a 36 31 2e 33 30 54 3a 32 34 2e 37 30 49 3a 32 34 2e 38 33 5b 49 6e 74 5d 48 3a 30 2e 30 30 54 3a 30 2e 30 30 50 3a 20 30 fa c7
29/06/2022 08:50;300;-72;49;3027760;368%;-;2c 01 28 5b 45 78 74 5d 48 3a 36 31 2e 33 30 54 3a 32 34 2e 39 30 49 3a 32 35 2e 30 35 5b 49 6e 74 5d 48 3a 30 2e 30 30 54 3a 30 2e 30 30 50 3a 20 30 24 12
29/06/2022 08:49;300;-72;49;3028016;368%;-;2c 01 28 5b 45 78 74 5d 48 3a 36 31 2e 34 30 54 3a 32 34 2e 39 30 49 3a 32 35 2e 30 35 5b 49 6e 74 5d 48 3a 30 2e 30 30 54 3a 30 2e 30 30 50 3a 20 30 75 22
29/06/2022 08:48;300;-72;49;3028016;368%;-;2c 01 28 5b 45 78 74 5d 48 3a 36 31 2e 34 30 54 3a 32 35 2e 31 30 49 3a 32 35 2e 32 37 5b 49 6e 74 5d 48 3a 30 2e 30 30 54 3a 30 2e 30 30 50 3a 20 30 40 2e
29/06/2022 08:47;300;-72;49;3028016;368%;-;2c 01 28 5b 45 78 74 5d 48 3a 36 31 2e 34 30 54 3a 32 35 2e 31 30 49 3a 32 35 2e 32 37 5b 49 6e 74 5d 48 3a 30 2e 30 30 54 3a 30 2e 30 30 50 3a 20 30 40 2e
29/06/2022 08:46;300;-72;49;3028016;368%;-;2c 01 28 5b 45 78 74 5d 48 3a 36 31 2e 34 30 54 3a 32 34 2e 36 30 49 3a 32 34 2e 37 32 5b 49 6e 74 5d 48 3a 30 2e 30 30 54 3a 30 2e 30 30 50 3a 20 30 7b db
29/06/2022 08:45;300;-72;49;3028016;368%;-;2c 01 28 5b 45 78 74 5d 48 3a 36 31 2e 34 30 54 3a 32 34 2e 36 30 49 3a 32 34 2e 37 32 5b 49 6e 74 5d 48 3a 30 2e 30 30 54 3a 30 2e 30 30 50 3a 20 30 7b db
29/06/2022 08:44;300;-72;49;3028528;368%;-;2c 01 28 5b 45 78 74 5d 48 3a 36 31 2e 36 30 54 3a 32 34 2e 35 30 49 3a 32 34 2e 36 31 5b 49 6e 74 5d 48 3a 30 2e 30 30 54 3a 30 2e 30 30 50 3a 20 30 fd c2
29/06/2022 08:43;300;-72;49;3028528;368%;-;2c 01 28 5b 45 78 74 5d 48 3a 36 31 2e 36 30 54 3a 32 34 2e 36 30 49 3a 32 34 2e 37 32 5b 49 6e 74 5d 48 3a 30 2e 30 30 54 3a 30 2e 30 30 50 3a 20 30 40 bb
29/06/2022 08:42;300;-72;49;3028784;368%;-;2c 01 28 5b 45 78 74 5d 48 3a 36 31 2e 37 30 54 3a 32 34 2e 35 30 49 3a 32 34 2e 36 32 5b 49 6e 74 5d 48 3a 30 2e 30 30 54 3a 30 2e 30 30 50 3a 20 30 92 47
29/06/2022 08:41;300;-72;49;3028784;368%;-;2c 01 28 5b 45 78 74 5d 48 3a 36 31 2e 37 30 54 3a 32 34 2e 33 30 49 3a 32 34 2e 34 30 5b 49 6e 74 5d 48 3a 30 2e 30 30 54 3a 30 2e 30 30 50 3a 20 30 ad 47
29/06/2022 08:40;300;0;0;;-;-;2c 01 28 22 be 89
29/06/2022 08:39;300;-72;49;3028784;368%;-;2c 01 28 5b 45 78 74 5d 48 3a 36 31 2e 37 30 54 3a 32 34 2e 35 30 49 3a 32 34 2e 36 32 5b 49 6e 74 5d 48 3a 30 2e 30 30 54 3a 30 2e 30 30 50 3a 20 30 92 47
29/06/2022 08:38;300;-72;49;3028784;368%;-;2c 01 28 5b 45 78 74 5d 48 3a 36 31 2e 37 30 54 3a 32 34 2e 34 30 49 3a 32 34 2e 35 31 5b 49 6e 74 5d 48 3a 30 2e 30 30 54 3a 30 2e 30 30 50 3a 20 30 b4 e7
29/06/2022 08:37;300;-72;49;3029040;368%;-;2c 01 28 5b 45 78 74 5d 48 3a 36 31 2e 38 30 54 3a 32 34 2e 34 30 49 3a 32 34 2e 35 31 5b 49 6e 74 5d 48 3a 30 2e 30 30 54 3a 30 2e 30 30 50 3a 20 30 0a 17
29/06/2022 08:36;300;-72;49;3029296;368%;-;2c 01 28 5b 45 78 74 5d 48 3a 36 31 2e 39 30 54 3a 32 34 2e 34 30 49 3a 32 34 2e 35 31 5b 49 6e 74 5d 48 3a 30 2e 30 30 54 3a 30 2e 30 30 50 3a 20 30 16 87
29/06/2022 08:34;300;-72;49;3029040;368%;-;2c 01 28 5b 45 78 74 5d 48 3a 36 31 2e 38 30 54 3a 32 34 2e 31 30 49 3a 32 34 2e 31 38 5b 49 6e 74 5d 48 3a 30 2e 30 30 54 3a 30 2e 30 30 50 3a 20 30 67 de
29/06/2022 08:33;300;-72;49;3029296;368%;-;2c 01 28 5b 45 78 74 5d 48 3a 36 31 2e 39 30 54 3a 32 34 2e 33 30 49 3a 32 34 2e 34 30 5b 49 6e 74 5d 48 3a 30 2e 30 30 54 3a 30 2e 30 30 50 3a 20 30 0f 27
29/06/2022 08:32;300;-72;49;3029296;368%;-;2c 01 28 5b 45 78 74 5d 48 3a 36 31 2e 39 30 54 3a 32 34 2e 31 30 49 3a 32 34 2e 31 38 5b 49 6e 74 5d 48 3a 30 2e 30 30 54 3a 30 2e 30 30 50 3a 20 30 7b 4e
29/06/2022 08:32;255;-76;6;5580;-;-9;ff 00 28 12 02 19 67 00 4c 00 47 06 00 15 cc 00 50 99 1a 09 06 a5 a0 f1 ff ff 67 76 18 ac
29/06/2022 08:31;300;-72;49;3029296;368%;-;2c 01 28 5b 45 78 74 5d 48 3a 36 31 2e 39 30 54 3a 32 34 2e 31 30 49 3a 32 34 2e 31 38 5b 49 6e 74 5d 48 3a 30 2e 30 30 54 3a 30 2e 30 30 50 3a 20 30 7b 4e
29/06/2022 08:30;300;-72;50;3026992;368%;-;2c 01 28 5b 45 78 74 5d 48 3a 36 32 2e 30 30 54 3a 32 34 2e 34 30 49 3a 32 34 2e 35 31 5b 49 6e 74 5d 48 3a 30 2e 30 30 54 3a 30 2e 30 30 50 3a 20 30 fe 63
29/06/2022 08:29;300;-72;50;3026992;368%;-;2c 01 28 5b 45 78 74 5d 48 3a 36 32 2e 30 30 54 3a 32 34 2e 34 30 49 3a 32 34 2e 35 31 5b 49 6e 74 5d 48 3a 30 2e 30 30 54 3a 30 2e 30 30 50 3a 20 30 fe 63
29/06/2022 08:28;300;-72;50;3027248;368%;-;2c 01 28 5b 45 78 74 5d 48 3a 36 32 2e 31 30 54 3a 32 34 2e 34 30 49 3a 32 34 2e 35 32 5b 49 6e 74 5d 48 3a 30 2e 30 30 54 3a 30 2e 30 30 50 3a 20 30 91 e6
29/06/2022 08:27;300;-72;49;3029296;368%;-;2c 01 28 5b 45 78 74 5d 48 3a 36 31 2e 39 30 54 3a 32 34 2e 32 30 49 3a 32 34 2e 32 39 5b 49 6e 74 5d 48 3a 30 2e 30 30 54 3a 30 2e 30 30 50 3a 20 30 fc 97
29/06/2022 08:26;300;-72;50;3026992;368%;-;2c 01 28 5b 45 78 74 5d 48 3a 36 32 2e 30 30 54 3a 32 34 2e 34 30 49 3a 32 34 2e 35 31 5b 49 6e 74 5d 48 3a 30 2e 30 30 54 3a 30 2e 30 30 50 3a 20 30 fe 63
29/06/2022 08:25;300;-72;49;3029296;368%;-;2c 01 28 5b 45 78 74 5d 48 3a 36 31 2e 39 30 54 3a 32 34 2e 32 30 49 3a 32 34 2e 32 39 5b 49 6e 74 5d 48 3a 30 2e 30 30 54 3a 30 2e 30 30 50 3a 20 30 fc 97
29/06/2022 08:24;300;-72;49;3029296;368%;-;2c 01 28 5b 45 78 74 5d 48 3a 36 31 2e 39 30 54 3a 32 34 2e 34 30 49 3a 32 34 2e 35 31 5b 49 6e 74 5d 48 3a 30 2e 30 30 54 3a 30 2e 30 30 50 3a 20 30 16 87
29/06/2022 08:23;300;-72;50;3026992;368%;-;2c 01 28 5b 45 78 74 5d 48 3a 36 32 2e 30 30 54 3a 32 34 2e 33 30 49 3a 32 34 2e 34 30 5b 49 6e 74 5d 48 3a 30 2e 30 30 54 3a 30 2e 30 30 50 3a 20 30 e7 c3
29/06/2022 08:22;300;-72;50;3026992;368%;-;2c 01 28 5b 45 78 74 5d 48 3a 36 32 2e 30 30 54 3a 32 34 2e 33 30 49 3a 32 34 2e 34 30 5b 49 6e 74 5d 48 3a 30 2e 30 30 54 3a 30 2e 30 30 50 3a 20 30 e7 c3
29/06/2022 08:21;300;-72;49;3029296;368%;-;2c 01 28 5b 45 78 74 5d 48 3a 36 31 2e 39 30 54 3a 32 34 2e 31 30 49 3a 32 34 2e 31 38 5b 49 6e 74 5d 48 3a 30 2e 30 30 54 3a 30 2e 30 30 50 3a 20 30 7b 4e
29/06/2022 08:20;300;-72;49;3029296;368%;-;2c 01 28 5b 45 78 74 5d 48 3a 36 31 2e 39 30 54 3a 32 34 2e 32 30 49 3a 32 34 2e 32 39 5b 49 6e 74 5d 48 3a 30 2e 30 30 54 3a 30 2e 30 30 50 3a 20 30 fc 97
29/06/2022 08:20;300;0;0;;-;-;2c 01 28 22 61 b0 11 11 21 e1 02 4b
29/06/2022 08:19;300;-72;49;3029296;368%;-;2c 01 28 5b 45 78 74 5d 48 3a 36 31 2e 39 30 54 3a 32 34 2e 31 30 49 3a 32 34 2e 31 38 5b 49 6e 74 5d 48 3a 30 2e 30 30 54 3a 30 2e 30 30 50 3a 20 30 7b 4e
29/06/2022 08:18;300;-58;46;3747924;392%;-;2c 01 28 45 78 74 5d 48 3a 36 31 2e 39 30 54 3a 32 34 2e 31 30 49 3a 32 34 2e 31 38 5b 49 6e 74 5d 48 3a 30 2e 30 30 54 3a 30 2e 30 30 50 3a 20 30 75 d1
29/06/2022 08:18;300;0;0;;-;-;2c 01 28 5b 7f 6b
29/06/2022 08:17;300;-72;49;3029296;368%;-;2c 01 28 5b 45 78 74 5d 48 3a 36 31 2e 39 30 54 3a 32 34 2e 34 30 49 3a 32 34 2e 35 31 5b 49 6e 74 5d 48 3a 30 2e 30 30 54 3a 30 2e 30 30 50 3a 20 30 16 87
29/06/2022 08:16;300;-72;49;3029296;368%;-;2c 01 28 5b 45 78 74 5d 48 3a 36 31 2e 39 30 54 3a 32 34 2e 34 30 49 3a 32 34 2e 35 31 5b 49 6e 74 5d 48 3a 30 2e 30 30 54 3a 30 2e 30 30 50 3a 20 30 16 87
29/06/2022 08:15;300;-72;50;3026992;368%;-;2c 01 28 5b 45 78 74 5d 48 3a 36 32 2e 30 30 54 3a 32 34 2e 34 30 49 3a 32 34 2e 35 31 5b 49 6e 74 5d 48 3a 30 2e 30 30 54 3a 30 2e 30 30 50 3a 20 30 fe 63
29/06/2022 08:14;300;-72;49;3029296;368%;-;2c 01 28 5b 45 78 74 5d 48 3a 36 31 2e 39 30 54 3a 32 34 2e 31 30 49 3a 32 34 2e 31 38 5b 49 6e 74 5d 48 3a 30 2e 30 30 54 3a 30 2e 30 30 50 3a 20 30 7b 4e
29/06/2022 08:13;300;-72;49;3029296;368%;-;2c 01 28 5b 45 78 74 5d 48 3a 36 31 2e 39 30 54 3a 32 34 2e 31 30 49 3a 32 34 2e 31 38 5b 49 6e 74 5d 48 3a 30 2e 30 30 54 3a 30 2e 30 30 50 3a 20 30 7b 4e
29/06/2022 08:12;300;-72;50;3026992;368%;-;2c 01 28 5b 45 78 74 5d 48 3a 36 32 2e 30 30 54 3a 32 34 2e 31 30 49 3a 32 34 2e 31 38 5b 49 6e 74 5d 48 3a 30 2e 30 30 54 3a 30 2e 30 30 50 3a 20 30 93 aa
29/06/2022 08:11;300;-72;50;3026992;368%;-;2c 01 28 5b 45 78 74 5d 48 3a 36 32 2e 30 30 54 3a 32 34 2e 31 30 49 3a 32 34 2e 31 38 5b 49 6e 74 5d 48 3a 30 2e 30 30 54 3a 30 2e 30 30 50 3a 20 30 93 aa
29/06/2022 08:11;255;-65;8;16486;-;-71;ff 00 28 12 02 19 67 00 41 00 46 08 00 40 66 00 56 53 3b 47 00 cb e5 c8 ff ff 67 76 5a 19
29/06/2022 08:10;300;-72;50;3027248;368%;-;2c 01 28 5b 45 78 74 5d 48 3a 36 32 2e 31 30 54 3a 32 34 2e 32 30 49 3a 32 34 2e 33 30 5b 49 6e 74 5d 48 3a 30 2e 30 30 54 3a 30 2e 30 30 50 3a 20 30 9c 15
29/06/2022 08:09;300;-72;50;3027248;368%;-;2c 01 28 5b 45 78 74 5d 48 3a 36 32 2e 31 30 54 3a 32 34 2e 31 30 49 3a 32 34 2e 31 39 5b 49 6e 74 5d 48 3a 30 2e 30 30 54 3a 30 2e 30 30 50 3a 20 30 5f f6
29/06/2022 08:08;300;-72;50;3027248;368%;-;2c 01 28 5b 45 78 74 5d 48 3a 36 32 2e 31 30 54 3a 32 34 2e 31 30 49 3a 32 34 2e 31 39 5b 49 6e 74 5d 48 3a 30 2e 30 30 54 3a 30 2e 30 30 50 3a 20 30 5f f6
29/06/2022 08:07;300;-72;50;3027504;368%;-;2c 01 28 5b 45 78 74 5d 48 3a 36 32 2e 32 30 54 3a 32 34 2e 34 30 49 3a 32 34 2e 35 32 5b 49 6e 74 5d 48 3a 30 2e 30 30 54 3a 30 2e 30 30 50 3a 20 30 b6 16
29/06/2022 08:06;300;-72;50;3027504;368%;-;2c 01 28 5b 45 78 74 5d 48 3a 36 32 2e 32 30 54 3a 32 34 2e 34 30 49 3a 32 34 2e 35 32 5b 49 6e 74 5d 48 3a 30 2e 30 30 54 3a 30 2e 30 30 50 3a 20 30 b6 16
29/06/2022 08:05;300;-72;50;3027248;368%;-;2c 01 28 5b 45 78 74 5d 48 3a 36 32 2e 31 30 54 3a 32 34 2e 32 30 49 3a 32 34 2e 33 30 5b 49 6e 74 5d 48 3a 30 2e 30 30 54 3a 30 2e 30 30 50 3a 20 30 9c 15
29/06/2022 08:04;300;-72;50;3027504;368%;-;2c 01 28 5b 45 78 74 5d 48 3a 36 32 2e 32 30 54 3a 32 34 2e 34 30 49 3a 32 34 2e 35 32 5b 49 6e 74 5d 48 3a 30 2e 30 30 54 3a 30 2e 30 30 50 3a 20 30 b6 16
29/06/2022 08:03;300;-72;50;3027248;368%;-;2c 01 28 5b 45 78 74 5d 48 3a 36 32 2e 31 30 54 3a 32 34 2e 31 30 49 3a 32 34 2e 31 39 5b 49 6e 74 5d 48 3a 30 2e 30 30 54 3a 30 2e 30 30 50 3a 20 30 5f f6
29/06/2022 08:02;300;-72;50;3027248;368%;-;2c 01 28 5b 45 78 74 5d 48 3a 36 32 2e 31 30 54 3a 32 34 2e 31 30 49 3a 32 34 2e 31 39 5b 49 6e 74 5d 48 3a 30 2e 30 30 54 3a 30 2e 30 30 50 3a 20 30 5f f6
29/06/2022 08:01;300;-72;50;3027248;368%;-;2c 01 28 5b 45 78 74 5d 48 3a 36 32 2e 31 30 54 3a 32 34 2e 31 30 49 3a 32 34 2e 31 39 5b 49 6e 74 5d 48 3a 30 2e 30 30 54 3a 30 2e 30 30 50 3a 20 30 5f f6
29/06/2022 08:00;255;-83;7;1712;80%;-;ff 00 28 12 02 19 67 00 53 00 45 07 00 06 b0 00 23 ee 1e 0a 07 3a 21 60 ff ff 67 76 bd ba
29/06/2022 08:00;300;-72;50;3026992;368%;-;2c 01 28 5b 45 78 74 5d 48 3a 36 32 2e 30 30 54 3a 32 34 2e 32 30 49 3a 32 34 2e 32 39 5b 49 6e 74 5d 48 3a 30 2e 30 30 54 3a 30 2e 30 30 50 3a 20 30 14 73
29/06/2022 07:58;300;-72;50;3027504;368%;-;2c 01 28 5b 45 78 74 5d 48 3a 36 32 2e 32 30 54 3a 32 34 2e 33 30 49 3a 32 34 2e 34 31 5b 49 6e 74 5d 48 3a 30 2e 30 30 54 3a 30 2e 30 30 50 3a 20 30 0c 6f
29/06/2022 07:57;300;-72;50;3026992;368%;-;2c 01 28 5b 45 78 74 5d 48 3a 36 32 2e 30 30 54 3a 32 34 2e 31 30 49 3a 32 34 2e 31 38 5b 49 6e 74 5d 48 3a 30 2e 30 30 54 3a 30 2e 30 30 50 3a 20 30 93 aa
29/06/2022 07:56;300;-72;50;3026992;368%;-;2c 01 28 5b 45 78 74 5d 48 3a 36 32 2e 30 30 54 3a 32 34 2e 31 30 49 3a 32 34 2e 31 38 5b 49 6e 74 5d 48 3a 30 2e 30 30 54 3a 30 2e 30 30 50 3a 20 30 93 aa
29/06/2022 07:55;300;-72;50;3027248;368%;-;2c 01 28 5b 45 78 74 5d 48 3a 36 32 2e 31 30 54 3a 32 34 2e 34 30 49 3a 32 34 2e 35 32 5b 49 6e 74 5d 48 3a 30 2e 30 30 54 3a 30 2e 30 30 50 3a 20 30 91 e6
29/06/2022 07:54;300;-72;50;3027248;368%;-;2c 01 28 5b 45 78 74 5d 48 3a 36 32 2e 31 30 54 3a 32 34 2e 33 30 49 3a 32 34 2e 34 31 5b 49 6e 74 5d 48 3a 30 2e 30 30 54 3a 30 2e 30 30 50 3a 20 30 2b 9f
29/06/2022 07:53;300;-72;50;3027248;368%;-;2c 01 28 5b 45 78 74 5d 48 3a 36 32 2e 31 30 54 3a 32 34 2e 34 30 49 3a 32 34 2e 35 32 5b 49 6e 74 5d 48 3a 30 2e 30 30 54 3a 30 2e 30 30 50 3a 20 30 91 e6
29/06/2022 07:52;300;-72;50;3027248;368%;-;2c 01 28 5b 45 78 74 5d 48 3a 36 32 2e 31 30 54 3a 32 34 2e 33 30 49 3a 32 34 2e 34 31 5b 49 6e 74 5d 48 3a 30 2e 30 30 54 3a 30 2e 30 30 50 3a 20 30 2b 9f
29/06/2022 07:51;300;-72;50;3027248;368%;-;2c 01 28 5b 45 78 74 5d 48 3a 36 32 2e 31 30 54 3a 32 34 2e 34 30 49 3a 32 34 2e 35 32 5b 49 6e 74 5d 48 3a 30 2e 30 30 54 3a 30 2e 30 30 50 3a 20 30 91 e6
29/06/2022 07:51;255;-116;252;5417;56%;-;ff 00 28 12 02 19 67 00 74 00 43 fc 00 15 29 00 e6 ba 18 07 17 64 fd 4d ff ff 67 76 34 16
29/06/2022 07:50;300;-72;50;3027504;368%;-;2c 01 28 5b 45 78 74 5d 48 3a 36 32 2e 32 30 54 3a 32 34 2e 33 30 49 3a 32 34 2e 34 31 5b 49 6e 74 5d 48 3a 30 2e 30 30 54 3a 30 2e 30 30 50 3a 20 30 0c 6f
29/06/2022 07:49;300;-72;50;3026992;368%;-;2c 01 28 5b 45 78 74 5d 48 3a 36 32 2e 30 30 54 3a 32 34 2e 32 30 49 3a 32 34 2e 32 39 5b 49 6e 74 5d 48 3a 30 2e 30 30 54 3a 30 2e 30 30 50 3a 20 30 14 73
29/06/2022 07:48;300;-72;50;3027504;368%;-;2c 01 28 5b 45 78 74 5d 48 3a 36 32 2e 32 30 54 3a 32 34 2e 34 30 49 3a 32 34 2e 35 32 5b 49 6e 74 5d 48 3a 30 2e 30 30 54 3a 30 2e 30 30 50 3a 20 30 b6 16
29/06/2022 07:47;300;-72;50;3027248;368%;-;2c 01 28 5b 45 78 74 5d 48 3a 36 32 2e 31 30 54 3a 32 34 2e 32 30 49 3a 32 34 2e 33 30 5b 49 6e 74 5d 48 3a 30 2e 30 30 54 3a 30 2e 30 30 50 3a 20 30 9c 15
29/06/2022 07:46;300;-72;50;3027504;368%;-;2c 01 28 5b 45 78 74 5d 48 3a 36 32 2e 32 30 54 3a 32 34 2e 34 30 49 3a 32 34 2e 35 32 5b 49 6e 74 5d 48 3a 30 2e 30 30 54 3a 30 2e 30 30 50 3a 20 30 b6 16
29/06/2022 07:45;300;-72;50;3027504;368%;-;2c 01 28 5b 45 78 74 5d 48 3a 36 32 2e 32 30 54 3a 32 34 2e 34 30 49 3a 32 34 2e 35 32 5b 49 6e 74 5d 48 3a 30 2e 30 30 54 3a 30 2e 30 30 50 3a 20 30 b6 16
29/06/2022 07:44;300;-72;50;3027504;368%;-;2c 01 28 5b 45 78 74 5d 48 3a 36 32 2e 32 30 54 3a 32 34 2e 32 30 49 3a 32 34 2e 33 30 5b 49 6e 74 5d 48 3a 30 2e 30 30 54 3a 30 2e 30 30 50 3a 20 30 bb e5
29/06/2022 07:43;300;-72;50;3027504;368%;-;2c 01 28 5b 45 78 74 5d 48 3a 36 32 2e 32 30 54 3a 32 34 2e 32 30 49 3a 32 34 2e 33 30 5b 49 6e 74 5d 48 3a 30 2e 30 30 54 3a 30 2e 30 30 50 3a 20 30 bb e5
29/06/2022 07:42;300;-72;50;3027760;368%;-;2c 01 28 5b 45 78 74 5d 48 3a 36 32 2e 33 30 54 3a 32 34 2e 34 30 49 3a 32 34 2e 35 32 5b 49 6e 74 5d 48 3a 30 2e 30 30 54 3a 30 2e 30 30 50 3a 20 30 aa 86
29/06/2022 07:41;300;-72;50;3028016;368%;-;2c 01 28 5b 45 78 74 5d 48 3a 36 32 2e 34 30 54 3a 32 34 2e 35 30 49 3a 32 34 2e 36 33 5b 49 6e 74 5d 48 3a 30 2e 30 30 54 3a 30 2e 30 30 50 3a 20 30 7e cf
29/06/2022 07:40;300;-72;50;3027760;368%;-;2c 01 28 5b 45 78 74 5d 48 3a 36 32 2e 33 30 54 3a 32 34 2e 31 30 49 3a 32 34 2e 31 39 5b 49 6e 74 5d 48 3a 30 2e 30 30 54 3a 30 2e 30 30 50 3a 20 30 64 96
29/06/2022 07:39;300;-72;50;3027504;368%;-;2c 01 28 5b 45 78 74 5d 48 3a 36 32 2e 32 30 54 3a 32 34 2e 32 30 49 3a 32 34 2e 33 30 5b 49 6e 74 5d 48 3a 30 2e 30 30 54 3a 30 2e 30 30 50 3a 20 30 bb e5
29/06/2022 07:38;300;-72;50;3028016;368%;-;2c 01 28 5b 45 78 74 5d 48 3a 36 32 2e 34 30 54 3a 32 34 2e 36 30 49 3a 32 34 2e 37 34 5b 49 6e 74 5d 48 3a 30 2e 30 30 54 3a 30 2e 30 30 50 3a 20 30 86 45
29/06/2022 07:37;300;-72;50;3028272;368%;-;2c 01 28 5b 45 78 74 5d 48 3a 36 32 2e 35 30 54 3a 32 34 2e 36 30 49 3a 32 34 2e 37 35 5b 49 6e 74 5d 48 3a 30 2e 30 30 54 3a 30 2e 30 30 50 3a 20 30 4a 19
29/06/2022 07:36;300;-72;50;3028272;368%;-;2c 01 28 5b 45 78 74 5d 48 3a 36 32 2e 35 30 54 3a 32 34 2e 37 30 49 3a 32 34 2e 38 36 5b 49 6e 74 5d 48 3a 30 2e 30 30 54 3a 30 2e 30 30 50 3a 20 30 39 ec
29/06/2022 07:35;300;-72;50;3028016;368%;-;2c 01 28 5b 45 78 74 5d 48 3a 36 32 2e 34 30 54 3a 32 34 2e 36 30 49 3a 32 34 2e 37 34 5b 49 6e 74 5d 48 3a 30 2e 30 30 54 3a 30 2e 30 30 50 3a 20 30 86 45
29/06/2022 07:34;300;-72;50;3027760;368%;-;2c 01 28 5b 45 78 74 5d 48 3a 36 32 2e 33 30 54 3a 32 34 2e 31 30 49 3a 32 34 2e 31 39 5b 49 6e 74 5d 48 3a 30 2e 30 30 54 3a 30 2e 30 30 50 3a 20 30 64 96
29/06/2022 07:33;300;-58;46;3420244;392%;-;2c 01 28 45 78 74 5d 48 3a 36 32 2e 34 30 54 3a 32 34 2e 31 30 49 3a 32 34 2e 31 39 5b 49 6e 74 5d 48 3a 30 2e 30 30 54 3a 30 2e 30 30 50 3a 20 30 3b 39
29/06/2022 07:33;300;0;0;;-;-;2c 01 28 5b 7f 6b
29/06/2022 07:31;255;-74;6;5580;80%;-;ff 00 28 12 02 19 67 00 4a 00 42 06 00 15 cc 00 50 98 1a 0a 06 b1 6f 3c ff ff 67 76 f8 25
29/06/2022 07:31;300;-72;50;3027760;368%;-;2c 01 28 5b 45 78 74 5d 48 3a 36 32 2e 33 30 54 3a 32 34 2e 31 30 49 3a 32 34 2e 31 39 5b 49 6e 74 5d 48 3a 30 2e 30 30 54 3a 30 2e 30 30 50 3a 20 30 64 96
29/06/2022 07:30;300;-72;51;3026992;368%;-;2c 01 28 5b 45 78 74 5d 48 3a 36 33 2e 30 30 54 3a 32 34 2e 30 30 49 3a 32 34 2e 31 30 5b 49 6e 74 5d 48 3a 30 2e 30 30 54 3a 30 2e 30 30 50 3a 20 30 13 f0
29/06/2022 07:29;300;-72;51;3027248;368%;-;2c 01 28 5b 45 78 74 5d 48 3a 36 33 2e 31 30 54 3a 32 34 2e 32 30 49 3a 32 34 2e 33 32 5b 49 6e 74 5d 48 3a 30 2e 30 30 54 3a 30 2e 30 30 50 3a 20 30 37 60
29/06/2022 07:28;300;-72;50;3029040;368%;-;2c 01 28 5b 45 78 74 5d 48 3a 36 32 2e 38 30 54 3a 32 34 2e 30 30 49 3a 32 34 2e 31 30 5b 49 6e 74 5d 48 3a 30 2e 30 30 54 3a 30 2e 30 30 50 3a 20 30 f4 9c
29/06/2022 07:27;300;-72;50;3028272;368%;-;2c 01 28 5b 45 78 74 5d 48 3a 36 32 2e 35 30 54 3a 32 34 2e 35 30 49 3a 32 34 2e 36 34 5b 49 6e 74 5d 48 3a 30 2e 30 30 54 3a 30 2e 30 30 50 3a 20 30 54 b9
29/06/2022 07:26;300;-72;50;3028016;368%;-;2c 01 28 5b 45 78 74 5d 48 3a 36 32 2e 34 30 54 3a 32 34 2e 31 30 49 3a 32 34 2e 31 39 5b 49 6e 74 5d 48 3a 30 2e 30 30 54 3a 30 2e 30 30 50 3a 20 30 35 a6
29/06/2022 07:25;300;-72;50;3027760;368%;-;2c 01 28 5b 45 78 74 5d 48 3a 36 32 2e 33 30 54 3a 32 34 2e 31 30 49 3a 32 34 2e 31 39 5b 49 6e 74 5d 48 3a 30 2e 30 30 54 3a 30 2e 30 30 50 3a 20 30 64 96
29/06/2022 07:24;300;-72;50;3028016;368%;-;2c 01 28 5b 45 78 74 5d 48 3a 36 32 2e 34 30 54 3a 32 34 2e 32 30 49 3a 32 34 2e 33 30 5b 49 6e 74 5d 48 3a 30 2e 30 30 54 3a 30 2e 30 30 50 3a 20 30 f6 45
29/06/2022 07:23;300;-72;50;3029040;368%;-;2c 01 28 5b 45 78 74 5d 48 3a 36 32 2e 38 30 54 3a 32 34 2e 39 30 49 3a 32 35 2e 30 39 5b 49 6e 74 5d 48 3a 30 2e 30 30 54 3a 30 2e 30 30 50 3a 20 30 3b c3
29/06/2022 07:22;300;-72;50;3027760;368%;-;2c 01 28 5b 45 78 74 5d 48 3a 36 32 2e 33 30 54 3a 32 34 2e 30 30 49 3a 32 34 2e 30 38 5b 49 6e 74 5d 48 3a 30 2e 30 30 54 3a 30 2e 30 30 50 3a 20 30 78 96
29/06/2022 07:21;300;-72;50;3028016;368%;-;2c 01 28 5b 45 78 74 5d 48 3a 36 32 2e 34 30 54 3a 32 34 2e 31 30 49 3a 32 34 2e 31 39 5b 49 6e 74 5d 48 3a 30 2e 30 30 54 3a 30 2e 30 30 50 3a 20 30 35 a6
29/06/2022 07:20;300;-72;50;3028016;368%;-;2c 01 28 5b 45 78 74 5d 48 3a 36 32 2e 34 30 54 3a 32 34 2e 31 30 49 3a 32 34 2e 31 39 5b 49 6e 74 5d 48 3a 30 2e 30 30 54 3a 30 2e 30 30 50 3a 20 30 35 a6
29/06/2022 07:19;300;-72;50;3028016;368%;-;2c 01 28 5b 45 78 74 5d 48 3a 36 32 2e 34 30 54 3a 32 34 2e 31 30 49 3a 32 34 2e 31 39 5b 49 6e 74 5d 48 3a 30 2e 30 30 54 3a 30 2e 30 30 50 3a 20 30 35 a6
29/06/2022 07:17;300;-72;50;3028272;368%;-;2c 01 28 5b 45 78 74 5d 48 3a 36 32 2e 35 30 54 3a 32 34 2e 33 30 49 3a 32 34 2e 34 32 5b 49 6e 74 5d 48 3a 30 2e 30 30 54 3a 30 2e 30 30 50 3a 20 30 2e 4a
29/06/2022 07:15;300;-72;50;3027760;368%;-;2c 01 28 5b 45 78 74 5d 48 3a 36 32 2e 33 30 54 3a 32 34 2e 30 30 49 3a 32 34 2e 30 38 5b 49 6e 74 5d 48 3a 30 2e 30 30 54 3a 30 2e 30 30 50 3a 20 30 78 96
29/06/2022 07:14;300;-72;50;3028016;368%;-;2c 01 28 5b 45 78 74 5d 48 3a 36 32 2e 34 30 54 3a 32 34 2e 31 30 49 3a 32 34 2e 31 39 5b 49 6e 74 5d 48 3a 30 2e 30 30 54 3a 30 2e 30 30 50 3a 20 30 35 a6
29/06/2022 07:13;300;-72;50;3028016;368%;-;2c 01 28 5b 45 78 74 5d 48 3a 36 32 2e 34 30 54 3a 32 34 2e 31 30 49 3a 32 34 2e 31 39 5b 49 6e 74 5d 48 3a 30 2e 30 30 54 3a 30 2e 30 30 50 3a 20 30 35 a6
29/06/2022 07:12;300;-72;50;3028272;368%;-;2c 01 28 5b 45 78 74 5d 48 3a 36 32 2e 35 30 54 3a 32 34 2e 33 30 49 3a 32 34 2e 34 32 5b 49 6e 74 5d 48 3a 30 2e 30 30 54 3a 30 2e 30 30 50 3a 20 30 2e 4a
29/06/2022 07:11;300;-72;50;3028528;368%;-;2c 01 28 5b 45 78 74 5d 48 3a 36 32 2e 36 30 54 3a 32 34 2e 33 30 49 3a 32 34 2e 34 32 5b 49 6e 74 5d 48 3a 30 2e 30 30 54 3a 30 2e 30 30 50 3a 20 30 09 ba
29/06/2022 07:10;300;-72;50;3028272;368%;-;2c 01 28 5b 45 78 74 5d 48 3a 36 32 2e 35 30 54 3a 32 34 2e 31 30 49 3a 32 34 2e 32 30 5b 49 6e 74 5d 48 3a 30 2e 30 30 54 3a 30 2e 30 30 50 3a 20 30 24 b9
29/06/2022 07:10;255;-65;8;16486;800%;-;ff 00 28 12 02 19 67 00 41 00 41 08 00 40 66 00 56 52 3b 64 00 d5 e7 84 ff ff 67 76 8c 8c
29/06/2022 07:09;300;-72;50;3028272;368%;-;2c 01 28 5b 45 78 74 5d 48 3a 36 32 2e 35 30 54 3a 32 34 2e 31 30 49 3a 32 34 2e 32 30 5b 49 6e 74 5d 48 3a 30 2e 30 30 54 3a 30 2e 30 30 50 3a 20 30 24 b9
29/06/2022 07:08;300;-72;50;3028272;368%;-;2c 01 28 5b 45 78 74 5d 48 3a 36 32 2e 35 30 54 3a 32 34 2e 31 30 49 3a 32 34 2e 32 30 5b 49 6e 74 5d 48 3a 30 2e 30 30 54 3a 30 2e 30 30 50 3a 20 30 24 b9
29/06/2022 07:08;300;-96;229;15073650;-;-40;2c 01 28 44 61 d3 a7 85 60 71 fd e5 e6 01 72 9c e7 2f 71 28 77
29/06/2022 07:07;300;-72;50;3028784;368%;-;2c 01 28 5b 45 78 74 5d 48 3a 36 32 2e 37 30 54 3a 32 34 2e 33 30 49 3a 32 34 2e 34 32 5b 49 6e 74 5d 48 3a 30 2e 30 30 54 3a 30 2e 30 30 50 3a 20 30 15 2a
29/06/2022 07:06;300;-72;50;3028272;368%;-;2c 01 28 5b 45 78 74 5d 48 3a 36 32 2e 35 30 54 3a 32 34 2e 31 30 49 3a 32 34 2e 32 30 5b 49 6e 74 5d 48 3a 30 2e 30 30 54 3a 30 2e 30 30 50 3a 20 30 24 b9
29/06/2022 07:05;300;-72;50;3028272;368%;-;2c 01 28 5b 45 78 74 5d 48 3a 36 32 2e 35 30 54 3a 32 34 2e 31 30 49 3a 32 34 2e 32 30 5b 49 6e 74 5d 48 3a 30 2e 30 30 54 3a 30 2e 30 30 50 3a 20 30 24 b9
29/06/2022 07:04;300;-72;50;3028528;368%;-;2c 01 28 5b 45 78 74 5d 48 3a 36 32 2e 36 30 54 3a 32 34 2e 33 30 49 3a 32 34 2e 34 32 5b 49 6e 74 5d 48 3a 30 2e 30 30 54 3a 30 2e 30 30 50 3a 20 30 09 ba
29/06/2022 07:03;300;-72;50;3028016;368%;-;2c 01 28 5b 45 78 74 5d 48 3a 36 32 2e 34 30 54 3a 32 34 2e 32 30 49 3a 32 34 2e 33 30 5b 49 6e 74 5d 48 3a 30 2e 30 30 54 3a 30 2e 30 30 50 3a 20 30 f6 45
29/06/2022 07:02;300;-72;50;3028016;368%;-;2c 01 28 5b 45 78 74 5d 48 3a 36 32 2e 34 30 54 3a 32 34 2e 32 30 49 3a 32 34 2e 33 30 5b 49 6e 74 5d 48 3a 30 2e 30 30 54 3a 30 2e 30 30 50 3a 20 30 f6 45
29/06/2022 07:01;255;-109;3;5417;-;-12;ff 00 28 12 02 19 67 00 6d 00 40 03 00 15 29 00 e6 b9 1a 0c 06 a0 44 74 ff ff 67 76 b5 87
29/06/2022 07:01;255;-108;2;5417;56%;-;ff 00 28 12 02 19 67 00 6c 00 3f 02 00 15 29 00 e6 b8 1a 07 06 34 e9 39 ff ff 67 76 67 bc
29/06/2022 07:01;300;-72;50;3028016;368%;-;2c 01 28 5b 45 78 74 5d 48 3a 36 32 2e 34 30 54 3a 32 34 2e 31 30 49 3a 32 34 2e 31 39 5b 49 6e 74 5d 48 3a 30 2e 30 30 54 3a 30 2e 30 30 50 3a 20 30 35 a6
29/06/2022 07:00;300;-72;50;3028016;368%;-;2c 01 28 5b 45 78 74 5d 48 3a 36 32 2e 34 30 54 3a 32 34 2e 31 30 49 3a 32 34 2e 31 39 5b 49 6e 74 5d 48 3a 30 2e 30 30 54 3a 30 2e 30 30 50 3a 20 30 35 a6
29/06/2022 06:59;300;-72;50;3028016;368%;-;2c 01 28 5b 45 78 74 5d 48 3a 36 32 2e 34 30 54 3a 32 34 2e 32 30 49 3a 32 34 2e 33 30 5b 49 6e 74 5d 48 3a 30 2e 30 30 54 3a 30 2e 30 30 50 3a 20 30 f6 45
29/06/2022 06:58;300;-72;50;3028016;368%;-;2c 01 28 5b 45 78 74 5d 48 3a 36 32 2e 34 30 54 3a 32 34 2e 32 30 49 3a 32 34 2e 33 30 5b 49 6e 74 5d 48 3a 30 2e 30 30 54 3a 30 2e 30 30 50 3a 20 30 f6 45
29/06/2022 06:57;300;-72;50;3028016;368%;-;2c 01 28 5b 45 78 74 5d 48 3a 36 32 2e 34 30 54 3a 32 34 2e 32 30 49 3a 32 34 2e 33 30 5b 49 6e 74 5d 48 3a 30 2e 30 30 54 3a 30 2e 30 30 50 3a 20 30 f6 45
29/06/2022 06:56;300;-72;50;3028016;368%;-;2c 01 28 5b 45 78 74 5d 48 3a 36 32 2e 34 30 54 3a 32 34 2e 32 30 49 3a 32 34 2e 33 30 5b 49 6e 74 5d 48 3a 30 2e 30 30 54 3a 30 2e 30 30 50 3a 20 30 f6 45
29/06/2022 06:55;300;-72;50;3028016;368%;-;2c 01 28 5b 45 78 74 5d 48 3a 36 32 2e 34 30 54 3a 32 34 2e 32 30 49 3a 32 34 2e 33 30 5b 49 6e 74 5d 48 3a 30 2e 30 30 54 3a 30 2e 30 30 50 3a 20 30 f6 45
29/06/2022 06:54;300;-72;50;3028272;368%;-;2c 01 28 5b 45 78 74 5d 48 3a 36 32 2e 35 30 54 3a 32 34 2e 32 30 49 3a 32 34 2e 33 31 5b 49 6e 74 5d 48 3a 30 2e 30 30 54 3a 30 2e 30 30 50 3a 20 30 3a 19
29/06/2022 06:53;300;-72;50;3028528;368%;-;2c 01 28 5b 45 78 74 5d 48 3a 36 32 2e 36 30 54 3a 32 34 2e 33 30 49 3a 32 34 2e 34 32 5b 49 6e 74 5d 48 3a 30 2e 30 30 54 3a 30 2e 30 30 50 3a 20 30 09 ba
29/06/2022 06:52;300;-72;50;3028272;368%;-;2c 01 28 5b 45 78 74 5d 48 3a 36 32 2e 35 30 54 3a 32 34 2e 31 30 49 3a 32 34 2e 32 30 5b 49 6e 74 5d 48 3a 30 2e 30 30 54 3a 30 2e 30 30 50 3a 20 30 24 b9
29/06/2022 06:51;300;-72;50;3028272;368%;-;2c 01 28 5b 45 78 74 5d 48 3a 36 32 2e 35 30 54 3a 32 34 2e 34 30 49 3a 32 34 2e 35 33 5b 49 6e 74 5d 48 3a 30 2e 30 30 54 3a 30 2e 30 30 50 3a 20 30 37 ea
29/06/2022 06:50;300;-72;50;3028272;368%;-;2c 01 28 5b 45 78 74 5d 48 3a 36 32 2e 35 30 54 3a 32 34 2e 31 30 49 3a 32 34 2e 32 30 5b 49 6e 74 5d 48 3a 30 2e 30 30 54 3a 30 2e 30 30 50 3a 20 30 24 b9
29/06/2022 06:49;300;-72;50;3028272;368%;-;2c 01 28 5b 45 78 74 5d 48 3a 36 32 2e 35 30 54 3a 32 34 2e 33 30 49 3a 32 34 2e 34 32 5b 49 6e 74 5d 48 3a 30 2e 30 30 54 3a 30 2e 30 30 50 3a 20 30 2e 4a
29/06/2022 06:48;300;-72;50;3028272;368%;-;2c 01 28 5b 45 78 74 5d 48 3a 36 32 2e 35 30 54 3a 32 34 2e 32 30 49 3a 32 34 2e 33 31 5b 49 6e 74 5d 48 3a 30 2e 30 30 54 3a 30 2e 30 30 50 3a 20 30 3a 19
29/06/2022 06:47;300;-72;50;3028272;368%;-;2c 01 28 5b 45 78 74 5d 48 3a 36 32 2e 35 30 54 3a 32 34 2e 34 30 49 3a 32 34 2e 35 33 5b 49 6e 74 5d 48 3a 30 2e 30 30 54 3a 30 2e 30 30 50 3a 20 30 37 ea
29/06/2022 06:46;300;-72;50;3028016;368%;-;2c 01 28 5b 45 78 74 5d 48 3a 36 32 2e 34 30 54 3a 32 34 2e 31 30 49 3a 32 34 2e 31 39 5b 49 6e 74 5d 48 3a 30 2e 30 30 54 3a 30 2e 30 30 50 3a 20 30 35 a6
29/06/2022 06:45;300;-72;50;3028016;368%;-;2c 01 28 5b 45 78 74 5d 48 3a 36 32 2e 34 30 54 3a 32 34 2e 32 30 49 3a 32 34 2e 33 30 5b 49 6e 74 5d 48 3a 30 2e 30 30 54 3a 30 2e 30 30 50 3a 20 30 f6 45
29/06/2022 06:44;300;-72;50;3028016;368%;-;2c 01 28 5b 45 78 74 5d 48 3a 36 32 2e 34 30 54 3a 32 34 2e 32 30 49 3a 32 34 2e 33 30 5b 49 6e 74 5d 48 3a 30 2e 30 30 54 3a 30 2e 30 30 50 3a 20 30 f6 45
29/06/2022 06:43;300;-72;50;3028272;368%;-;2c 01 28 5b 45 78 74 5d 48 3a 36 32 2e 35 30 54 3a 32 34 2e 33 30 49 3a 32 34 2e 34 32 5b 49 6e 74 5d 48 3a 30 2e 30 30 54 3a 30 2e 30 30 50 3a 20 30 2e 4a
29/06/2022 06:42;300;0;0;;-;-;2c 01 28 22 e5 49 11 11 21 e1 80 1b
29/06/2022 06:42;300;-72;50;3028016;368%;-;2c 01 28 5b 45 78 74 5d 48 3a 36 32 2e 34 30 54 3a 32 34 2e 32 30 49 3a 32 34 2e 33 30 5b 49 6e 74 5d 48 3a 30 2e 30 30 54 3a 30 2e 30 30 50 3a 20 30 f6 45
29/06/2022 06:41;300;-72;50;3028016;368%;-;2c 01 28 5b 45 78 74 5d 48 3a 36 32 2e 34 30 54 3a 32 34 2e 32 30 49 3a 32 34 2e 33 30 5b 49 6e 74 5d 48 3a 30 2e 30 30 54 3a 30 2e 30 30 50 3a 20 30 f6 45
29/06/2022 06:40;300;-72;50;3028272;368%;-;2c 01 28 5b 45 78 74 5d 48 3a 36 32 2e 35 30 54 3a 32 34 2e 32 30 49 3a 32 34 2e 33 31 5b 49 6e 74 5d 48 3a 30 2e 30 30 54 3a 30 2e 30 30 50 3a 20 30 3a 19
29/06/2022 06:39;300;-72;50;3028528;368%;-;2c 01 28 5b 45 78 74 5d 48 3a 36 32 2e 36 30 54 3a 32 34 2e 35 30 49 3a 32 34 2e 36 34 5b 49 6e 74 5d 48 3a 30 2e 30 30 54 3a 30 2e 30 30 50 3a 20 30 73 49
29/06/2022 06:37;300;0;0;;-;-;2c 01 28 5b 7f 6b
29/06/2022 06:36;300;-72;50;3028016;368%;-;2c 01 28 5b 45 78 74 5d 48 3a 36 32 2e 34 30 54 3a 32 34 2e 32 30 49 3a 32 34 2e 33 30 5b 49 6e 74 5d 48 3a 30 2e 30 30 54 3a 30 2e 30 30 50 3a 20 30 f6 45
29/06/2022 06:35;300;-72;50;3028016;368%;-;2c 01 28 5b 45 78 74 5d 48 3a 36 32 2e 34 30 54 3a 32 34 2e 32 30 49 3a 32 34 2e 33 30 5b 49 6e 74 5d 48 3a 30 2e 30 30 54 3a 30 2e 30 30 50 3a 20 30 f6 45
29/06/2022 06:34;300;-72;50;3028016;368%;-;2c 01 28 5b 45 78 74 5d 48 3a 36 32 2e 34 30 54 3a 32 34 2e 32 30 49 3a 32 34 2e 33 30 5b 49 6e 74 5d 48 3a 30 2e 30 30 54 3a 30 2e 30 30 50 3a 20 30 f6 45
29/06/2022 06:33;300;-72;50;3028016;368%;-;2c 01 28 5b 45 78 74 5d 48 3a 36 32 2e 34 30 54 3a 32 34 2e 32 30 49 3a 32 34 2e 33 30 5b 49 6e 74 5d 48 3a 30 2e 30 30 54 3a 30 2e 30 30 50 3a 20 30 f6 45
29/06/2022 06:32;300;-72;50;3028528;368%;-;2c 01 28 5b 45 78 74 5d 48 3a 36 32 2e 36 30 54 3a 32 34 2e 34 30 49 3a 32 34 2e 35 33 5b 49 6e 74 5d 48 3a 30 2e 30 30 54 3a 30 2e 30 30 50 3a 20 30 10 1a
29/06/2022 06:31;300;-72;50;3028272;368%;-;2c 01 28 5b 45 78 74 5d 48 3a 36 32 2e 35 30 54 3a 32 34 2e 32 30 49 3a 32 34 2e 33 31 5b 49 6e 74 5d 48 3a 30 2e 30 30 54 3a 30 2e 30 30 50 3a 20 30 3a 19
29/06/2022 06:30;300;-72;50;3028272;368%;-;2c 01 28 5b 45 78 74 5d 48 3a 36 32 2e 35 30 54 3a 32 34 2e 31 30 49 3a 32 34 2e 32 30 5b 49 6e 74 5d 48 3a 30 2e 30 30 54 3a 30 2e 30 30 50 3a 20 30 24 b9
29/06/2022 06:29;300;-72;50;3028272;368%;-;2c 01 28 5b 45 78 74 5d 48 3a 36 32 2e 35 30 54 3a 32 34 2e 32 30 49 3a 32 34 2e 33 31 5b 49 6e 74 5d 48 3a 30 2e 30 30 54 3a 30 2e 30 30 50 3a 20 30 3a 19
29/06/2022 06:29;255;-75;6;5580;-;-9;ff 00 28 12 02 19 67 00 4b 00 3d 06 00 15 cc 00 50 97 1a 09 06 fc 5b 58 ff ff 67 76 20 64
29/06/2022 06:28;300;-72;50;3028272;368%;-;2c 01 28 5b 45 78 74 5d 48 3a 36 32 2e 35 30 54 3a 32 34 2e 32 30 49 3a 32 34 2e 33 31 5b 49 6e 74 5d 48 3a 30 2e 30 30 54 3a 30 2e 30 30 50 3a 20 30 3a 19
29/06/2022 06:27;300;-72;50;3028528;368%;-;2c 01 28 5b 45 78 74 5d 48 3a 36 32 2e 36 30 54 3a 32 34 2e 33 30 49 3a 32 34 2e 34 32 5b 49 6e 74 5d 48 3a 30 2e 30 30 54 3a 30 2e 30 30 50 3a 20 30 09 ba
29/06/2022 06:26;300;-72;50;3028272;368%;-;2c 01 28 5b 45 78 74 5d 48 3a 36 32 2e 35 30 54 3a 32 34 2e 32 30 49 3a 32 34 2e 33 31 5b 49 6e 74 5d 48 3a 30 2e 30 30 54 3a 30 2e 30 30 50 3a 20 30 3a 19
29/06/2022 06:25;300;-72;50;3028016;368%;-;2c 01 28 5b 45 78 74 5d 48 3a 36 32 2e 34 30 54 3a 32 34 2e 31 30 49 3a 32 34 2e 31 39 5b 49 6e 74 5d 48 3a 30 2e 30 30 54 3a 30 2e 30 30 50 3a 20 30 35 a6
29/06/2022 06:24;300;-72;50;3028016;368%;-;2c 01 28 5b 45 78 74 5d 48 3a 36 32 2e 34 30 54 3a 32 34 2e 32 30 49 3a 32 34 2e 33 30 5b 49 6e 74 5d 48 3a 30 2e 30 30 54 3a 30 2e 30 30 50 3a 20 30 f6 45
29/06/2022 06:23;300;-72;50;3028016;368%;-;2c 01 28 5b 45 78 74 5d 48 3a 36 32 2e 34 30 54 3a 32 34 2e 32 30 49 3a 32 34 2e 33 30 5b 49 6e 74 5d 48 3a 30 2e 30 30 54 3a 30 2e 30 30 50 3a 20 30 f6 45
29/06/2022 06:22;300;-72;50;3028016;368%;-;2c 01 28 5b 45 78 74 5d 48 3a 36 32 2e 34 30 54 3a 32 34 2e 32 30 49 3a 32 34 2e 33 30 5b 49 6e 74 5d 48 3a 30 2e 30 30 54 3a 30 2e 30 30 50 3a 20 30 f6 45
29/06/2022 06:22;300;-71;255;6640209;904%;-;2c 01 28 44 61 d3 a7 85 47 b0 9c ff 65 52 51 19 e5 ce 2f 71 52 b9
29/06/2022 06:21;300;-72;50;3028016;368%;-;2c 01 28 5b 45 78 74 5d 48 3a 36 32 2e 34 30 54 3a 32 34 2e 31 30 49 3a 32 34 2e 31 39 5b 49 6e 74 5d 48 3a 30 2e 30 30 54 3a 30 2e 30 30 50 3a 20 30 35 a6
29/06/2022 06:20;300;-72;50;3027760;368%;-;2c 01 28 5b 45 78 74 5d 48 3a 36 32 2e 33 30 54 3a 32 34 2e 32 30 49 3a 32 34 2e 33 30 5b 49 6e 74 5d 48 3a 30 2e 30 30 54 3a 30 2e 30 30 50 3a 20 30 a7 75
29/06/2022 06:19;300;-72;50;3027760;368%;-;2c 01 28 5b 45 78 74 5d 48 3a 36 32 2e 33 30 54 3a 32 34 2e 32 30 49 3a 32 34 2e 33 30 5b 49 6e 74 5d 48 3a 30 2e 30 30 54 3a 30 2e 30 30 50 3a 20 30 a7 75
29/06/2022 06:18;300;-72;50;3028016;368%;-;2c 01 28 5b 45 78 74 5d 48 3a 36 32 2e 34 30 54 3a 32 34 2e 32 30 49 3a 32 34 2e 33 30 5b 49 6e 74 5d 48 3a 30 2e 30 30 54 3a 30 2e 30 30 50 3a 20 30 f6 45
29/06/2022 06:17;300;-72;50;3028016;368%;-;2c 01 28 5b 45 78 74 5d 48 3a 36 32 2e 34 30 54 3a 32 34 2e 31 30 49 3a 32 34 2e 31 39 5b 49 6e 74 5d 48 3a 30 2e 30 30 54 3a 30 2e 30 30 50 3a 20 30 35 a6
29/06/2022 06:17;300;-77;252;15423057;1480%;-;2c 01 28 44 61 d3 a7 85 4d 60 71 fc eb 56 51 19 e5 c6 20 b9 2a b6
29/06/2022 06:16;300;-72;50;3028272;368%;-;2c 01 28 5b 45 78 74 5d 48 3a 36 32 2e 35 30 54 3a 32 34 2e 33 30 49 3a 32 34 2e 34 32 5b 49 6e 74 5d 48 3a 30 2e 30 30 54 3a 30 2e 30 30 50 3a 20 30 2e 4a
29/06/2022 06:15;300;-72;50;3028016;368%;-;2c 01 28 5b 45 78 74 5d 48 3a 36 32 2e 34 30 54 3a 32 34 2e 32 30 49 3a 32 34 2e 33 30 5b 49 6e 74 5d 48 3a 30 2e 30 30 54 3a 30 2e 30 30 50 3a 20 30 f6 45
29/06/2022 06:14;300;-72;50;3028016;368%;-;2c 01 28 5b 45 78 74 5d 48 3a 36 32 2e 34 30 54 3a 32 34 2e 32 30 49 3a 32 34 2e 33 30 5b 49 6e 74 5d 48 3a 30 2e 30 30 54 3a 30 2e 30 30 50 3a 20 30 f6 45
29/06/2022 06:13;300;-72;50;3028528;368%;-;2c 01 28 5b 45 78 74 5d 48 3a 36 32 2e 36 30 54 3a 32 34 2e 35 30 49 3a 32 34 2e 36 34 5b 49 6e 74 5d 48 3a 30 2e 30 30 54 3a 30 2e 30 30 50 3a 20 30 73 49
29/06/2022 06:12;300;-72;50;3028272;368%;-;2c 01 28 5b 45 78 74 5d 48 3a 36 32 2e 35 30 54 3a 32 34 2e 33 30 49 3a 32 34 2e 34 32 5b 49 6e 74 5d 48 3a 30 2e 30 30 54 3a 30 2e 30 30 50 3a 20 30 2e 4a
29/06/2022 06:12;300;-33;101;5394713;176%;-;2c 01 28 44 e5 24 11 01 21 6d fd 65 52 51 19 e5 c6 20 b9 16 30
29/06/2022 06:11;300;-72;50;3028016;368%;-;2c 01 28 5b 45 78 74 5d 48 3a 36 32 2e 34 30 54 3a 32 34 2e 32 30 49 3a 32 34 2e 33 30 5b 49 6e 74 5d 48 3a 30 2e 30 30 54 3a 30 2e 30 30 50 3a 20 30 f6 45
29/06/2022 06:10;300;-72;50;3028016;368%;-;2c 01 28 5b 45 78 74 5d 48 3a 36 32 2e 34 30 54 3a 32 34 2e 32 30 49 3a 32 34 2e 33 30 5b 49 6e 74 5d 48 3a 30 2e 30 30 54 3a 30 2e 30 30 50 3a 20 30 f6 45
29/06/2022 06:10;255;-65;7;16486;-;-72;ff 00 28 12 02 19 67 00 41 00 3c 07 00 40 66 00 56 51 3b 48 00 c8 27 c1 ff ff 67 76 e3 40
29/06/2022 06:09;300;-72;50;3028272;368%;-;2c 01 28 5b 45 78 74 5d 48 3a 36 32 2e 35 30 54 3a 32 34 2e 32 30 49 3a 32 34 2e 33 31 5b 49 6e 74 5d 48 3a 30 2e 30 30 54 3a 30 2e 30 30 50 3a 20 30 3a 19
29/06/2022 06:08;300;-72;50;3028528;368%;-;2c 01 28 5b 45 78 74 5d 48 3a 36 32 2e 36 30 54 3a 32 34 2e 33 30 49 3a 32 34 2e 34 32 5b 49 6e 74 5d 48 3a 30 2e 30 30 54 3a 30 2e 30 30 50 3a 20 30 09 ba
29/06/2022 06:07;300;-72;50;3028784;368%;-;2c 01 28 5b 45 78 74 5d 48 3a 36 32 2e 37 30 54 3a 32 34 2e 33 30 49 3a 32 34 2e 34 32 5b 49 6e 74 5d 48 3a 30 2e 30 30 54 3a 30 2e 30 30 50 3a 20 30 15 2a
29/06/2022 06:06;300;-72;50;3028528;368%;-;2c 01 28 5b 45 78 74 5d 48 3a 36 32 2e 36 30 54 3a 32 34 2e 32 30 49 3a 32 34 2e 33 31 5b 49 6e 74 5d 48 3a 30 2e 30 30 54 3a 30 2e 30 30 50 3a 20 30 1d e9
29/06/2022 06:05;300;-72;50;3028528;368%;-;2c 01 28 5b 45 78 74 5d 48 3a 36 32 2e 36 30 54 3a 32 34 2e 32 30 49 3a 32 34 2e 33 31 5b 49 6e 74 5d 48 3a 30 2e 30 30 54 3a 30 2e 30 30 50 3a 20 30 1d e9
29/06/2022 06:04;300;-72;50;3028528;368%;-;2c 01 28 5b 45 78 74 5d 48 3a 36 32 2e 36 30 54 3a 32 34 2e 32 30 49 3a 32 34 2e 33 31 5b 49 6e 74 5d 48 3a 30 2e 30 30 54 3a 30 2e 30 30 50 3a 20 30 1d e9
29/06/2022 06:03;300;-72;50;3028784;368%;-;2c 01 28 5b 45 78 74 5d 48 3a 36 32 2e 37 30 54 3a 32 34 2e 31 30 49 3a 32 34 2e 32 30 5b 49 6e 74 5d 48 3a 30 2e 30 30 54 3a 30 2e 30 30 50 3a 20 30 1f d9
29/06/2022 06:02;300;-72;50;3028784;368%;-;2c 01 28 5b 45 78 74 5d 48 3a 36 32 2e 37 30 54 3a 32 34 2e 32 30 49 3a 32 34 2e 33 31 5b 49 6e 74 5d 48 3a 30 2e 30 30 54 3a 30 2e 30 30 50 3a 20 30 01 79
29/06/2022 06:01;300;-72;50;3028528;368%;-;2c 01 28 5b 45 78 74 5d 48 3a 36 32 2e 36 30 54 3a 32 34 2e 32 30 49 3a 32 34 2e 33 31 5b 49 6e 74 5d 48 3a 30 2e 30 30 54 3a 30 2e 30 30 50 3a 20 30 1d e9
29/06/2022 06:00;300;-72;50;3028784;368%;-;2c 01 28 5b 45 78 74 5d 48 3a 36 32 2e 37 30 54 3a 32 34 2e 32 30 49 3a 32 34 2e 33 31 5b 49 6e 74 5d 48 3a 30 2e 30 30 54 3a 30 2e 30 30 50 3a 20 30 01 79
29/06/2022 05:59;255;-107;2;5417;-;-12;ff 00 28 12 02 19 67 00 6b 00 3b 02 00 15 29 00 e6 b7 1a 0c 06 8b 9a 5d ff ff 67 76 e4 1e
29/06/2022 05:58;300;-72;50;3028528;368%;-;2c 01 28 5b 45 78 74 5d 48 3a 36 32 2e 36 30 54 3a 32 34 2e 32 30 49 3a 32 34 2e 33 31 5b 49 6e 74 5d 48 3a 30 2e 30 30 54 3a 30 2e 30 30 50 3a 20 30 1d e9
29/06/2022 05:57;300;-72;50;3028528;368%;-;2c 01 28 5b 45 78 74 5d 48 3a 36 32 2e 36 30 54 3a 32 34 2e 32 30 49 3a 32 34 2e 33 31 5b 49 6e 74 5d 48 3a 30 2e 30 30 54 3a 30 2e 30 30 50 3a 20 30 1d e9
29/06/2022 05:56;300;-72;50;3028784;368%;-;2c 01 28 5b 45 78 74 5d 48 3a 36 32 2e 37 30 54 3a 32 34 2e 33 30 49 3a 32 34 2e 34 32 5b 49 6e 74 5d 48 3a 30 2e 30 30 54 3a 30 2e 30 30 50 3a 20 30 15 2a
29/06/2022 05:55;300;-72;50;3028528;368%;-;2c 01 28 5b 45 78 74 5d 48 3a 36 32 2e 36 30 54 3a 32 34 2e 32 30 49 3a 32 34 2e 33 31 5b 49 6e 74 5d 48 3a 30 2e 30 30 54 3a 30 2e 30 30 50 3a 20 30 1d e9
29/06/2022 05:54;300;-72;50;3028528;368%;-;2c 01 28 5b 45 78 74 5d 48 3a 36 32 2e 36 30 54 3a 32 34 2e 32 30 49 3a 32 34 2e 33 31 5b 49 6e 74 5d 48 3a 30 2e 30 30 54 3a 30 2e 30 30 50 3a 20 30 1d e9
29/06/2022 05:54;255;-82;7;1712;80%;-;ff 00 28 12 02 19 67 00 52 00 3a 07 00 06 b0 00 23 ec 1e 0a 07 a7 48 d8 ff ff 67 76 47 f4
29/06/2022 05:53;300;-72;50;3028528;368%;-;2c 01 28 5b 45 78 74 5d 48 3a 36 32 2e 36 30 54 3a 32 34 2e 32 30 49 3a 32 34 2e 33 31 5b 49 6e 74 5d 48 3a 30 2e 30 30 54 3a 30 2e 30 30 50 3a 20 30 1d e9
29/06/2022 05:52;300;-72;50;3028528;368%;-;2c 01 28 5b 45 78 74 5d 48 3a 36 32 2e 36 30 54 3a 32 34 2e 32 30 49 3a 32 34 2e 33 31 5b 49 6e 74 5d 48 3a 30 2e 30 30 54 3a 30 2e 30 30 50 3a 20 30 1d e9
29/06/2022 05:51;300;-72;50;3029040;368%;-;2c 01 28 5b 45 78 74 5d 48 3a 36 32 2e 38 30 54 3a 32 34 2e 34 30 49 3a 32 34 2e 35 34 5b 49 6e 74 5d 48 3a 30 2e 30 30 54 3a 30 2e 30 30 50 3a 20 30 84 9c
29/06/2022 05:50;300;-72;50;3028784;368%;-;2c 01 28 5b 45 78 74 5d 48 3a 36 32 2e 37 30 54 3a 32 34 2e 33 30 49 3a 32 34 2e 34 32 5b 49 6e 74 5d 48 3a 30 2e 30 30 54 3a 30 2e 30 30 50 3a 20 30 15 2a
29/06/2022 05:49;300;-72;50;3028528;368%;-;2c 01 28 5b 45 78 74 5d 48 3a 36 32 2e 36 30 54 3a 32 34 2e 32 30 49 3a 32 34 2e 33 31 5b 49 6e 74 5d 48 3a 30 2e 30 30 54 3a 30 2e 30 30 50 3a 20 30 1d e9
29/06/2022 05:48;300;-72;50;3028784;368%;-;2c 01 28 5b 45 78 74 5d 48 3a 36 32 2e 37 30 54 3a 32 34 2e 32 30 49 3a 32 34 2e 33 31 5b 49 6e 74 5d 48 3a 30 2e 30 30 54 3a 30 2e 30 30 50 3a 20 30 01 79
29/06/2022 05:47;300;-72;50;3028784;368%;-;2c 01 28 5b 45 78 74 5d 48 3a 36 32 2e 37 30 54 3a 32 34 2e 32 30 49 3a 32 34 2e 33 31 5b 49 6e 74 5d 48 3a 30 2e 30 30 54 3a 30 2e 30 30 50 3a 20 30 01 79
29/06/2022 05:46;300;-72;50;3028528;368%;-;2c 01 28 5b 45 78 74 5d 48 3a 36 32 2e 36 30 54 3a 32 34 2e 32 30 49 3a 32 34 2e 33 31 5b 49 6e 74 5d 48 3a 30 2e 30 30 54 3a 30 2e 30 30 50 3a 20 30 1d e9
29/06/2022 05:45;300;-72;50;3029040;368%;-;2c 01 28 5b 45 78 74 5d 48 3a 36 32 2e 38 30 54 3a 32 34 2e 35 30 49 3a 32 34 2e 36 35 5b 49 6e 74 5d 48 3a 30 2e 30 30 54 3a 30 2e 30 30 50 3a 20 30 01 e5
29/06/2022 05:44;300;-72;50;3028528;368%;-;2c 01 28 5b 45 78 74 5d 48 3a 36 32 2e 36 30 54 3a 32 34 2e 32 30 49 3a 32 34 2e 33 31 5b 49 6e 74 5d 48 3a 30 2e 30 30 54 3a 30 2e 30 30 50 3a 20 30 1d e9
29/06/2022 05:43;300;-72;50;3028528;368%;-;2c 01 28 5b 45 78 74 5d 48 3a 36 32 2e 36 30 54 3a 32 34 2e 31 30 49 3a 32 34 2e 32 30 5b 49 6e 74 5d 48 3a 30 2e 30 30 54 3a 30 2e 30 30 50 3a 20 30 03 49
29/06/2022 05:42;300;-72;50;3028784;368%;-;2c 01 28 5b 45 78 74 5d 48 3a 36 32 2e 37 30 54 3a 32 34 2e 32 30 49 3a 32 34 2e 33 31 5b 49 6e 74 5d 48 3a 30 2e 30 30 54 3a 30 2e 30 30 50 3a 20 30 01 79
29/06/2022 05:41;300;-72;50;3029040;368%;-;2c 01 28 5b 45 78 74 5d 48 3a 36 32 2e 38 30 54 3a 32 34 2e 33 30 49 3a 32 34 2e 34 33 5b 49 6e 74 5d 48 3a 30 2e 30 30 54 3a 30 2e 30 30 50 3a 20 30 7b 16
29/06/2022 05:40;300;-72;50;3028784;368%;-;2c 01 28 5b 45 78 74 5d 48 3a 36 32 2e 37 30 54 3a 32 34 2e 32 30 49 3a 32 34 2e 33 31 5b 49 6e 74 5d 48 3a 30 2e 30 30 54 3a 30 2e 30 30 50 3a 20 30 01 79
29/06/2022 05:39;300;-72;50;3028784;368%;-;2c 01 28 5b 45 78 74 5d 48 3a 36 32 2e 37 30 54 3a 32 34 2e 32 30 49 3a 32 34 2e 33 31 5b 49 6e 74 5d 48 3a 30 2e 30 30 54 3a 30 2e 30 30 50 3a 20 30 01 79
29/06/2022 05:38;300;-72;50;3028784;368%;-;2c 01 28 5b 45 78 74 5d 48 3a 36 32 2e 37 30 54 3a 32 34 2e 32 30 49 3a 32 34 2e 33 31 5b 49 6e 74 5d 48 3a 30 2e 30 30 54 3a 30 2e 30 30 50 3a 20 30 01 79
29/06/2022 05:37;300;-72;50;3028784;368%;-;2c 01 28 5b 45 78 74 5d 48 3a 36 32 2e 37 30 54 3a 32 34 2e 32 30 49 3a 32 34 2e 33 31 5b 49 6e 74 5d 48 3a 30 2e 30 30 54 3a 30 2e 30 30 50 3a 20 30 01 79
29/06/2022 05:35;300;-72;50;3029040;368%;-;2c 01 28 5b 45 78 74 5d 48 3a 36 32 2e 38 30 54 3a 32 34 2e 32 30 49 3a 32 34 2e 33 32 5b 49 6e 74 5d 48 3a 30 2e 30 30 54 3a 30 2e 30 30 50 3a 20 30 cc 9c
29/06/2022 05:34;300;-72;50;3028784;368%;-;2c 01 28 5b 45 78 74 5d 48 3a 36 32 2e 37 30 54 3a 32 34 2e 32 30 49 3a 32 34 2e 33 31 5b 49 6e 74 5d 48 3a 30 2e 30 30 54 3a 30 2e 30 30 50 3a 20 30 01 79
29/06/2022 05:33;300;-72;50;3028784;368%;-;2c 01 28 5b 45 78 74 5d 48 3a 36 32 2e 37 30 54 3a 32 34 2e 32 30 49 3a 32 34 2e 33 31 5b 49 6e 74 5d 48 3a 30 2e 30 30 54 3a 30 2e 30 30 50 3a 20 30 01 79
29/06/2022 05:32;300;-72;50;3028784;368%;-;2c 01 28 5b 45 78 74 5d 48 3a 36 32 2e 37 30 54 3a 32 34 2e 32 30 49 3a 32 34 2e 33 31 5b 49 6e 74 5d 48 3a 30 2e 30 30 54 3a 30 2e 30 30 50 3a 20 30 01 79
29/06/2022 05:31;300;-72;50;3028784;368%;-;2c 01 28 5b 45 78 74 5d 48 3a 36 32 2e 37 30 54 3a 32 34 2e 32 30 49 3a 32 34 2e 33 31 5b 49 6e 74 5d 48 3a 30 2e 30 30 54 3a 30 2e 30 30 50 3a 20 30 01 79
29/06/2022 05:30;300;-72;50;3028784;368%;-;2c 01 28 5b 45 78 74 5d 48 3a 36 32 2e 37 30 54 3a 32 34 2e 32 30 49 3a 32 34 2e 33 31 5b 49 6e 74 5d 48 3a 30 2e 30 30 54 3a 30 2e 30 30 50 3a 20 30 01 79
29/06/2022 05:29;300;-72;50;3028784;368%;-;2c 01 28 5b 45 78 74 5d 48 3a 36 32 2e 37 30 54 3a 32 34 2e 32 30 49 3a 32 34 2e 33 31 5b 49 6e 74 5d 48 3a 30 2e 30 30 54 3a 30 2e 30 30 50 3a 20 30 01 79
29/06/2022 05:28;300;-72;50;3029040;368%;-;2c 01 28 5b 45 78 74 5d 48 3a 36 32 2e 38 30 54 3a 32 34 2e 33 30 49 3a 32 34 2e 34 33 5b 49 6e 74 5d 48 3a 30 2e 30 30 54 3a 30 2e 30 30 50 3a 20 30 7b 16
29/06/2022 05:27;300;-72;50;3028528;368%;-;2c 01 28 5b 45 78 74 5d 48 3a 36 32 2e 36 30 54 3a 32 34 2e 32 30 49 3a 32 34 2e 33 31 5b 49 6e 74 5d 48 3a 30 2e 30 30 54 3a 30 2e 30 30 50 3a 20 30 1d e9
29/06/2022 05:26;255;-75;5;5580;80%;-;ff 00 28 12 02 19 67 00 4b 00 39 05 00 15 cc 00 50 96 1a 0a 06 df 42 d4 ff ff 67 76 80 bd
29/06/2022 05:26;300;-72;50;3028784;368%;-;2c 01 28 5b 45 78 74 5d 48 3a 36 32 2e 37 30 54 3a 32 34 2e 33 30 49 3a 32 34 2e 34 32 5b 49 6e 74 5d 48 3a 30 2e 30 30 54 3a 30 2e 30 30 50 3a 20 30 15 2a
29/06/2022 05:25;300;-72;50;3028272;368%;-;2c 01 28 5b 45 78 74 5d 48 3a 36 32 2e 35 30 54 3a 32 34 2e 31 30 49 3a 32 34 2e 32 30 5b 49 6e 74 5d 48 3a 30 2e 30 30 54 3a 30 2e 30 30 50 3a 20 30 24 b9
29/06/2022 05:24;300;-72;50;3028272;368%;-;2c 01 28 5b 45 78 74 5d 48 3a 36 32 2e 35 30 54 3a 32 34 2e 32 30 49 3a 32 34 2e 33 31 5b 49 6e 74 5d 48 3a 30 2e 30 30 54 3a 30 2e 30 30 50 3a 20 30 3a 19
29/06/2022 05:23;300;-72;50;3028528;368%;-;2c 01 28 5b 45 78 74 5d 48 3a 36 32 2e 36 30 54 3a 32 34 2e 32 30 49 3a 32 34 2e 33 31 5b 49 6e 74 5d 48 3a 30 2e 30 30 54 3a 30 2e 30 30 50 3a 20 30 1d e9
29/06/2022 05:22;300;-72;50;3028528;368%;-;2c 01 28 5b 45 78 74 5d 48 3a 36 32 2e 36 30 54 3a 32 34 2e 32 30 49 3a 32 34 2e 33 31 5b 49 6e 74 5d 48 3a 30 2e 30 30 54 3a 30 2e 30 30 50 3a 20 30 1d e9
29/06/2022 05:21;300;-72;50;3028784;368%;-;2c 01 28 5b 45 78 74 5d 48 3a 36 32 2e 37 30 54 3a 32 34 2e 33 30 49 3a 32 34 2e 34 32 5b 49 6e 74 5d 48 3a 30 2e 30 30 54 3a 30 2e 30 30 50 3a 20 30 15 2a
29/06/2022 05:19;300;-72;50;3028528;368%;-;2c 01 28 5b 45 78 74 5d 48 3a 36 32 2e 36 30 54 3a 32 34 2e 32 30 49 3a 32 34 2e 33 31 5b 49 6e 74 5d 48 3a 30 2e 30 30 54 3a 30 2e 30 30 50 3a 20 30 1d e9
29/06/2022 05:18;300;-72;50;3028528;368%;-;2c 01 28 5b 45 78 74 5d 48 3a 36 32 2e 36 30 54 3a 32 34 2e 32 30 49 3a 32 34 2e 33 31 5b 49 6e 74 5d 48 3a 30 2e 30 30 54 3a 30 2e 30 30 50 3a 20 30 1d e9
29/06/2022 05:17;300;-72;50;3028272;368%;-;2c 01 28 5b 45 78 74 5d 48 3a 36 32 2e 35 30 54 3a 32 34 2e 32 30 49 3a 32 34 2e 33 31 5b 49 6e 74 5d 48 3a 30 2e 30 30 54 3a 30 2e 30 30 50 3a 20 30 3a 19
29/06/2022 05:16;300;-72;50;3028272;368%;-;2c 01 28 5b 45 78 74 5d 48 3a 36 32 2e 35 30 54 3a 32 34 2e 32 30 49 3a 32 34 2e 33 31 5b 49 6e 74 5d 48 3a 30 2e 30 30 54 3a 30 2e 30 30 50 3a 20 30 3a 19
29/06/2022 05:15;300;-72;50;3028784;368%;-;2c 01 28 5b 45 78 74 5d 48 3a 36 32 2e 37 30 54 3a 32 34 2e 34 30 49 3a 32 34 2e 35 33 5b 49 6e 74 5d 48 3a 30 2e 30 30 54 3a 30 2e 30 30 50 3a 20 30 0c 8a
29/06/2022 05:14;300;-72;50;3028272;368%;-;2c 01 28 5b 45 78 74 5d 48 3a 36 32 2e 35 30 54 3a 32 34 2e 32 30 49 3a 32 34 2e 33 31 5b 49 6e 74 5d 48 3a 30 2e 30 30 54 3a 30 2e 30 30 50 3a 20 30 3a 19
29/06/2022 05:13;300;-58;46;3485780;400%;-;2c 01 28 45 78 74 5d 48 3a 36 32 2e 35 30 54 3a 32 34 2e 32 30 49 3a 32 34 2e 33 31 5b 49 6e 74 5d 48 3a 30 2e 30 30 54 3a 30 2e 30 30 50 3a 20 30 34 86
29/06/2022 05:13;300;0;0;;-;-;2c 01 28 5b 7f 6b
29/06/2022 05:12;300;-72;50;3028528;368%;-;2c 01 28 5b 45 78 74 5d 48 3a 36 32 2e 36 30 54 3a 32 34 2e 32 30 49 3a 32 34 2e 33 31 5b 49 6e 74 5d 48 3a 30 2e 30 30 54 3a 30 2e 30 30 50 3a 20 30 1d e9
29/06/2022 05:11;300;-72;50;3028272;368%;-;2c 01 28 5b 45 78 74 5d 48 3a 36 32 2e 35 30 54 3a 32 34 2e 32 30 49 3a 32 34 2e 33 31 5b 49 6e 74 5d 48 3a 30 2e 30 30 54 3a 30 2e 30 30 50 3a 20 30 3a 19
29/06/2022 05:10;300;-72;50;3028784;368%;-;2c 01 28 5b 45 78 74 5d 48 3a 36 32 2e 37 30 54 3a 32 34 2e 33 30 49 3a 32 34 2e 34 32 5b 49 6e 74 5d 48 3a 30 2e 30 30 54 3a 30 2e 30 30 50 3a 20 30 15 2a
29/06/2022 05:09;300;-72;50;3028528;368%;-;2c 01 28 5b 45 78 74 5d 48 3a 36 32 2e 36 30 54 3a 32 34 2e 32 30 49 3a 32 34 2e 33 31 5b 49 6e 74 5d 48 3a 30 2e 30 30 54 3a 30 2e 30 30 50 3a 20 30 1d e9
29/06/2022 05:08;300;-72;50;3028272;368%;-;2c 01 28 5b 45 78 74 5d 48 3a 36 32 2e 35 30 54 3a 32 34 2e 32 30 49 3a 32 34 2e 33 31 5b 49 6e 74 5d 48 3a 30 2e 30 30 54 3a 30 2e 30 30 50 3a 20 30 3a 19
29/06/2022 05:08;255;-64;8;16486;800%;-;ff 00 28 12 02 19 67 00 40 00 38 08 00 40 66 00 56 50 3b 64 00 19 72 fd ff ff 67 76 ff 63
29/06/2022 05:07;300;-72;50;3028272;368%;-;2c 01 28 5b 45 78 74 5d 48 3a 36 32 2e 35 30 54 3a 32 34 2e 32 30 49 3a 32 34 2e 33 31 5b 49 6e 74 5d 48 3a 30 2e 30 30 54 3a 30 2e 30 30 50 3a 20 30 3a 19
29/06/2022 05:06;300;-72;50;3028528;368%;-;2c 01 28 5b 45 78 74 5d 48 3a 36 32 2e 36 30 54 3a 32 34 2e 33 30 49 3a 32 34 2e 34 32 5b 49 6e 74 5d 48 3a 30 2e 30 30 54 3a 30 2e 30 30 50 3a 20 30 09 ba
29/06/2022 05:05;300;-72;50;3028272;368%;-;2c 01 28 5b 45 78 74 5d 48 3a 36 32 2e 35 30 54 3a 32 34 2e 33 30 49 3a 32 34 2e 34 32 5b 49 6e 74 5d 48 3a 30 2e 30 30 54 3a 30 2e 30 30 50 3a 20 30 2e 4a
29/06/2022 05:04;300;-72;50;3028528;368%;-;2c 01 28 5b 45 78 74 5d 48 3a 36 32 2e 36 30 54 3a 32 34 2e 33 30 49 3a 32 34 2e 34 32 5b 49 6e 74 5d 48 3a 30 2e 30 30 54 3a 30 2e 30 30 50 3a 20 30 09 ba
29/06/2022 05:03;300;-72;50;3028528;368%;-;2c 01 28 5b 45 78 74 5d 48 3a 36 32 2e 36 30 54 3a 32 34 2e 33 30 49 3a 32 34 2e 34 32 5b 49 6e 74 5d 48 3a 30 2e 30 30 54 3a 30 2e 30 30 50 3a 20 30 09 ba
29/06/2022 05:02;300;-72;50;3028016;368%;-;2c 01 28 5b 45 78 74 5d 48 3a 36 32 2e 34 30 54 3a 32 34 2e 32 30 49 3a 32 34 2e 33 30 5b 49 6e 74 5d 48 3a 30 2e 30 30 54 3a 30 2e 30 30 50 3a 20 30 f6 45
29/06/2022 05:01;300;-72;50;3028272;368%;-;2c 01 28 5b 45 78 74 5d 48 3a 36 32 2e 35 30 54 3a 32 34 2e 34 30 49 3a 32 34 2e 35 33 5b 49 6e 74 5d 48 3a 30 2e 30 30 54 3a 30 2e 30 30 50 3a 20 30 37 ea
29/06/2022 05:00;300;-72;50;3028528;368%;-;2c 01 28 5b 45 78 74 5d 48 3a 36 32 2e 36 30 54 3a 32 34 2e 34 30 49 3a 32 34 2e 35 33 5b 49 6e 74 5d 48 3a 30 2e 30 30 54 3a 30 2e 30 30 50 3a 20 30 10 1a
29/06/2022 04:59;300;-72;50;3028784;368%;-;2c 01 28 5b 45 78 74 5d 48 3a 36 32 2e 37 30 54 3a 32 34 2e 35 30 49 3a 32 34 2e 36 34 5b 49 6e 74 5d 48 3a 30 2e 30 30 54 3a 30 2e 30 30 50 3a 20 30 6f d9
29/06/2022 04:58;300;-72;50;3028016;368%;-;2c 01 28 5b 45 78 74 5d 48 3a 36 32 2e 34 30 54 3a 32 34 2e 32 30 49 3a 32 34 2e 33 30 5b 49 6e 74 5d 48 3a 30 2e 30 30 54 3a 30 2e 30 30 50 3a 20 30 f6 45
29/06/2022 04:57;300;-72;50;3028272;368%;-;2c 01 28 5b 45 78 74 5d 48 3a 36 32 2e 35 30 54 3a 32 34 2e 33 30 49 3a 32 34 2e 34 32 5b 49 6e 74 5d 48 3a 30 2e 30 30 54 3a 30 2e 30 30 50 3a 20 30 2e 4a
29/06/2022 04:57;255;-107;3;5417;56%;-;ff 00 28 12 02 19 67 00 6b 00 37 03 00 15 29 00 e6 b6 1a 07 06 a5 84 91 ff ff 67 76 dc bd
29/06/2022 04:56;300;-72;50;3028016;368%;-;2c 01 28 5b 45 78 74 5d 48 3a 36 32 2e 34 30 54 3a 32 34 2e 32 30 49 3a 32 34 2e 33 30 5b 49 6e 74 5d 48 3a 30 2e 30 30 54 3a 30 2e 30 30 50 3a 20 30 f6 45
29/06/2022 04:55;300;-72;50;3028272;368%;-;2c 01 28 5b 45 78 74 5d 48 3a 36 32 2e 35 30 54 3a 32 34 2e 33 30 49 3a 32 34 2e 34 32 5b 49 6e 74 5d 48 3a 30 2e 30 30 54 3a 30 2e 30 30 50 3a 20 30 2e 4a
29/06/2022 04:54;300;-72;50;3028272;368%;-;2c 01 28 5b 45 78 74 5d 48 3a 36 32 2e 35 30 54 3a 32 34 2e 35 30 49 3a 32 34 2e 36 34 5b 49 6e 74 5d 48 3a 30 2e 30 30 54 3a 30 2e 30 30 50 3a 20 30 54 b9
29/06/2022 04:53;300;-72;50;3028016;368%;-;2c 01 28 5b 45 78 74 5d 48 3a 36 32 2e 34 30 54 3a 32 34 2e 32 30 49 3a 32 34 2e 33 30 5b 49 6e 74 5d 48 3a 30 2e 30 30 54 3a 30 2e 30 30 50 3a 20 30 f6 45
29/06/2022 04:52;255;-82;7;1712;-;-9;ff 00 28 12 02 19 67 00 52 00 36 07 00 06 b0 00 23 eb 1e 09 07 b5 85 1d ff ff 67 76 64 2e
29/06/2022 04:52;300;-72;50;3028272;368%;-;2c 01 28 5b 45 78 74 5d 48 3a 36 32 2e 35 30 54 3a 32 34 2e 33 30 49 3a 32 34 2e 34 32 5b 49 6e 74 5d 48 3a 30 2e 30 30 54 3a 30 2e 30 30 50 3a 20 30 2e 4a
29/06/2022 04:51;300;-72;50;3027760;368%;-;2c 01 28 5b 45 78 74 5d 48 3a 36 32 2e 33 30 54 3a 32 34 2e 32 30 49 3a 32 34 2e 33 30 5b 49 6e 74 5d 48 3a 30 2e 30 30 54 3a 30 2e 30 30 50 3a 20 30 a7 75
29/06/2022 04:50;300;-72;50;3028016;368%;-;2c 01 28 5b 45 78 74 5d 48 3a 36 32 2e 34 30 54 3a 32 34 2e 34 30 49 3a 32 34 2e 35 32 5b 49 6e 74 5d 48 3a 30 2e 30 30 54 3a 30 2e 30 30 50 3a 20 30 fb b6
29/06/2022 04:49;300;-72;50;3028016;368%;-;2c 01 28 5b 45 78 74 5d 48 3a 36 32 2e 34 30 54 3a 32 34 2e 33 30 49 3a 32 34 2e 34 31 5b 49 6e 74 5d 48 3a 30 2e 30 30 54 3a 30 2e 30 30 50 3a 20 30 41 cf
29/06/2022 04:48;300;-72;50;3028016;368%;-;2c 01 28 5b 45 78 74 5d 48 3a 36 32 2e 34 30 54 3a 32 34 2e 35 30 49 3a 32 34 2e 36 33 5b 49 6e 74 5d 48 3a 30 2e 30 30 54 3a 30 2e 30 30 50 3a 20 30 7e cf
29/06/2022 04:47;300;-72;50;3027760;368%;-;2c 01 28 5b 45 78 74 5d 48 3a 36 32 2e 33 30 54 3a 32 34 2e 33 30 49 3a 32 34 2e 34 31 5b 49 6e 74 5d 48 3a 30 2e 30 30 54 3a 30 2e 30 30 50 3a 20 30 10 ff
29/06/2022 04:46;300;-72;50;3028016;368%;-;2c 01 28 5b 45 78 74 5d 48 3a 36 32 2e 34 30 54 3a 32 34 2e 33 30 49 3a 32 34 2e 34 31 5b 49 6e 74 5d 48 3a 30 2e 30 30 54 3a 30 2e 30 30 50 3a 20 30 41 cf
29/06/2022 04:45;300;-72;50;3028272;368%;-;2c 01 28 5b 45 78 74 5d 48 3a 36 32 2e 35 30 54 3a 32 34 2e 33 30 49 3a 32 34 2e 34 32 5b 49 6e 74 5d 48 3a 30 2e 30 30 54 3a 30 2e 30 30 50 3a 20 30 2e 4a
29/06/2022 04:44;300;-72;50;3028272;368%;-;2c 01 28 5b 45 78 74 5d 48 3a 36 32 2e 35 30 54 3a 32 34 2e 33 30 49 3a 32 34 2e 34 32 5b 49 6e 74 5d 48 3a 30 2e 30 30 54 3a 30 2e 30 30 50 3a 20 30 2e 4a
29/06/2022 04:43;300;-72;50;3028272;368%;-;2c 01 28 5b 45 78 74 5d 48 3a 36 32 2e 35 30 54 3a 32 34 2e 35 30 49 3a 32 34 2e 36 34 5b 49 6e 74 5d 48 3a 30 2e 30 30 54 3a 30 2e 30 30 50 3a 20 30 54 b9
29/06/2022 04:42;300;-72;50;3028016;368%;-;2c 01 28 5b 45 78 74 5d 48 3a 36 32 2e 34 30 54 3a 32 34 2e 36 30 49 3a 32 34 2e 37 34 5b 49 6e 74 5d 48 3a 30 2e 30 30 54 3a 30 2e 30 30 50 3a 20 30 86 45
29/06/2022 04:41;300;-72;50;3028016;368%;-;2c 01 28 5b 45 78 74 5d 48 3a 36 32 2e 34 30 54 3a 32 34 2e 33 30 49 3a 32 34 2e 34 31 5b 49 6e 74 5d 48 3a 30 2e 30 30 54 3a 30 2e 30 30 50 3a 20 30 41 cf
29/06/2022 04:40;300;-72;50;3028016;368%;-;2c 01 28 5b 45 78 74 5d 48 3a 36 32 2e 34 30 54 3a 32 34 2e 33 30 49 3a 32 34 2e 34 31 5b 49 6e 74 5d 48 3a 30 2e 30 30 54 3a 30 2e 30 30 50 3a 20 30 41 cf
29/06/2022 04:38;300;-72;50;3027760;368%;-;2c 01 28 5b 45 78 74 5d 48 3a 36 32 2e 33 30 54 3a 32 34 2e 33 30 49 3a 32 34 2e 34 31 5b 49 6e 74 5d 48 3a 30 2e 30 30 54 3a 30 2e 30 30 50 3a 20 30 10 ff
29/06/2022 04:37;300;-72;50;3028016;368%;-;2c 01 28 5b 45 78 74 5d 48 3a 36 32 2e 34 30 54 3a 32 34 2e 35 30 49 3a 32 34 2e 36 33 5b 49 6e 74 5d 48 3a 30 2e 30 30 54 3a 30 2e 30 30 50 3a 20 30 7e cf
29/06/2022 04:36;300;-72;50;3028016;368%;-;2c 01 28 5b 45 78 74 5d 48 3a 36 32 2e 34 30 54 3a 32 34 2e 35 30 49 3a 32 34 2e 36 33 5b 49 6e 74 5d 48 3a 30 2e 30 30 54 3a 30 2e 30 30 50 3a 20 30 7e cf
29/06/2022 04:36;255;-65;8;16486;-;-72;ff 00 28 12 02 19 67 00 41 00 35 08 00 40 66 00 56 4f 3b 48 00 fa f0 e8 ff ff 67 76 39 27
29/06/2022 04:36;255;-64;8;16486;800%;-;ff 00 28 12 02 19 67 00 40 00 34 08 00 40 66 00 56 4e 3b 64 00 61 52 55 ff ff 67 76 c2 a7
29/06/2022 04:35;300;-72;50;3028016;368%;-;2c 01 28 5b 45 78 74 5d 48 3a 36 32 2e 34 30 54 3a 32 34 2e 35 30 49 3a 32 34 2e 36 33 5b 49 6e 74 5d 48 3a 30 2e 30 30 54 3a 30 2e 30 30 50 3a 20 30 7e cf
29/06/2022 04:34;300;-72;50;3027760;368%;-;2c 01 28 5b 45 78 74 5d 48 3a 36 32 2e 33 30 54 3a 32 34 2e 34 30 49 3a 32 34 2e 35 32 5b 49 6e 74 5d 48 3a 30 2e 30 30 54 3a 30 2e 30 30 50 3a 20 30 aa 86
29/06/2022 04:34;300;0;0;;-;-;2c 01 28 44 e5 49 11 11 21 e1 86 1d
29/06/2022 04:33;300;-72;50;3028016;368%;-;2c 01 28 5b 45 78 74 5d 48 3a 36 32 2e 34 30 54 3a 32 34 2e 35 30 49 3a 32 34 2e 36 33 5b 49 6e 74 5d 48 3a 30 2e 30 30 54 3a 30 2e 30 30 50 3a 20 30 7e cf
29/06/2022 04:32;300;-72;50;3027760;368%;-;2c 01 28 5b 45 78 74 5d 48 3a 36 32 2e 33 30 54 3a 32 34 2e 33 30 49 3a 32 34 2e 34 31 5b 49 6e 74 5d 48 3a 30 2e 30 30 54 3a 30 2e 30 30 50 3a 20 30 10 ff
29/06/2022 04:31;300;-72;50;3027760;368%;-;2c 01 28 5b 45 78 74 5d 48 3a 36 32 2e 33 30 54 3a 32 34 2e 33 30 49 3a 32 34 2e 34 31 5b 49 6e 74 5d 48 3a 30 2e 30 30 54 3a 30 2e 30 30 50 3a 20 30 10 ff
29/06/2022 04:30;300;-72;50;3027504;368%;-;2c 01 28 5b 45 78 74 5d 48 3a 36 32 2e 32 30 54 3a 32 34 2e 33 30 49 3a 32 34 2e 34 31 5b 49 6e 74 5d 48 3a 30 2e 30 30 54 3a 30 2e 30 30 50 3a 20 30 0c 6f
29/06/2022 04:29;300;-72;50;3027504;368%;-;2c 01 28 5b 45 78 74 5d 48 3a 36 32 2e 32 30 54 3a 32 34 2e 34 30 49 3a 32 34 2e 35 32 5b 49 6e 74 5d 48 3a 30 2e 30 30 54 3a 30 2e 30 30 50 3a 20 30 b6 16
29/06/2022 04:28;300;-72;50;3027504;368%;-;2c 01 28 5b 45 78 74 5d 48 3a 36 32 2e 32 30 54 3a 32 34 2e 33 30 49 3a 32 34 2e 34 31 5b 49 6e 74 5d 48 3a 30 2e 30 30 54 3a 30 2e 30 30 50 3a 20 30 0c 6f
29/06/2022 04:27;300;-72;50;3027504;368%;-;2c 01 28 5b 45 78 74 5d 48 3a 36 32 2e 32 30 54 3a 32 34 2e 33 30 49 3a 32 34 2e 34 31 5b 49 6e 74 5d 48 3a 30 2e 30 30 54 3a 30 2e 30 30 50 3a 20 30 0c 6f
29/06/2022 04:26;300;-72;50;3027504;368%;-;2c 01 28 5b 45 78 74 5d 48 3a 36 32 2e 32 30 54 3a 32 34 2e 33 30 49 3a 32 34 2e 34 31 5b 49 6e 74 5d 48 3a 30 2e 30 30 54 3a 30 2e 30 30 50 3a 20 30 0c 6f
29/06/2022 04:25;255;-75;6;5580;-;-9;ff 00 28 12 02 19 67 00 4b 00 33 06 00 15 cc 00 50 95 1a 09 06 93 b7 61 ff ff 67 76 5c 98
29/06/2022 04:25;300;-72;50;3027504;368%;-;2c 01 28 5b 45 78 74 5d 48 3a 36 32 2e 32 30 54 3a 32 34 2e 33 30 49 3a 32 34 2e 34 31 5b 49 6e 74 5d 48 3a 30 2e 30 30 54 3a 30 2e 30 30 50 3a 20 30 0c 6f
29/06/2022 04:24;300;-72;50;3027504;368%;-;2c 01 28 5b 45 78 74 5d 48 3a 36 32 2e 32 30 54 3a 32 34 2e 34 30 49 3a 32 34 2e 35 32 5b 49 6e 74 5d 48 3a 30 2e 30 30 54 3a 30 2e 30 30 50 3a 20 30 b6 16
29/06/2022 04:24;300;0;0;;-;-;2c 01 28 44 e5 49 11 11 21 e1 86 1d
29/06/2022 04:23;300;-72;50;3027760;368%;-;2c 01 28 5b 45 78 74 5d 48 3a 36 32 2e 33 30 54 3a 32 34 2e 36 30 49 3a 32 34 2e 37 34 5b 49 6e 74 5d 48 3a 30 2e 30 30 54 3a 30 2e 30 30 50 3a 20 30 d7 75
29/06/2022 04:22;300;-72;50;3027760;368%;-;2c 01 28 5b 45 78 74 5d 48 3a 36 32 2e 33 30 54 3a 32 34 2e 36 30 49 3a 32 34 2e 37 34 5b 49 6e 74 5d 48 3a 30 2e 30 30 54 3a 30 2e 30 30 50 3a 20 30 d7 75
29/06/2022 04:21;300;-72;50;3027760;368%;-;2c 01 28 5b 45 78 74 5d 48 3a 36 32 2e 33 30 54 3a 32 34 2e 36 30 49 3a 32 34 2e 37 34 5b 49 6e 74 5d 48 3a 30 2e 30 30 54 3a 30 2e 30 30 50 3a 20 30 d7 75
29/06/2022 04:20;300;-72;50;3027504;368%;-;2c 01 28 5b 45 78 74 5d 48 3a 36 32 2e 32 30 54 3a 32 34 2e 36 30 49 3a 32 34 2e 37 34 5b 49 6e 74 5d 48 3a 30 2e 30 30 54 3a 30 2e 30 30 50 3a 20 30 cb e5
29/06/2022 04:19;300;-72;50;3027760;368%;-;2c 01 28 5b 45 78 74 5d 48 3a 36 32 2e 33 30 54 3a 32 34 2e 34 30 49 3a 32 34 2e 35 32 5b 49 6e 74 5d 48 3a 30 2e 30 30 54 3a 30 2e 30 30 50 3a 20 30 aa 86
29/06/2022 04:18;300;-72;50;3027504;368%;-;2c 01 28 5b 45 78 74 5d 48 3a 36 32 2e 32 30 54 3a 32 34 2e 33 30 49 3a 32 34 2e 34 31 5b 49 6e 74 5d 48 3a 30 2e 30 30 54 3a 30 2e 30 30 50 3a 20 30 0c 6f
29/06/2022 04:17;300;-72;50;3028016;368%;-;2c 01 28 5b 45 78 74 5d 48 3a 36 32 2e 34 30 54 3a 32 34 2e 36 30 49 3a 32 34 2e 37 34 5b 49 6e 74 5d 48 3a 30 2e 30 30 54 3a 30 2e 30 30 50 3a 20 30 86 45
29/06/2022 04:16;300;-72;50;3027504;368%;-;2c 01 28 5b 45 78 74 5d 48 3a 36 32 2e 32 30 54 3a 32 34 2e 33 30 49 3a 32 34 2e 34 31 5b 49 6e 74 5d 48 3a 30 2e 30 30 54 3a 30 2e 30 30 50 3a 20 30 0c 6f
29/06/2022 04:15;300;-72;50;3028016;368%;-;2c 01 28 5b 45 78 74 5d 48 3a 36 32 2e 34 30 54 3a 32 34 2e 36 30 49 3a 32 34 2e 37 34 5b 49 6e 74 5d 48 3a 30 2e 30 30 54 3a 30 2e 30 30 50 3a 20 30 86 45
29/06/2022 04:14;300;-72;50;3027760;368%;-;2c 01 28 5b 45 78 74 5d 48 3a 36 32 2e 33 30 54 3a 32 34 2e 34 30 49 3a 32 34 2e 35 32 5b 49 6e 74 5d 48 3a 30 2e 30 30 54 3a 30 2e 30 30 50 3a 20 30 aa 86
29/06/2022 04:14;300;0;0;;-;-;2c 01 28 44 3e a3
29/06/2022 04:13;300;-72;50;3027760;368%;-;2c 01 28 5b 45 78 74 5d 48 3a 36 32 2e 33 30 54 3a 32 34 2e 33 30 49 3a 32 34 2e 34 31 5b 49 6e 74 5d 48 3a 30 2e 30 30 54 3a 30 2e 30 30 50 3a 20 30 10 ff
29/06/2022 04:12;300;-72;50;3028016;368%;-;2c 01 28 5b 45 78 74 5d 48 3a 36 32 2e 34 30 54 3a 32 34 2e 34 30 49 3a 32 34 2e 35 32 5b 49 6e 74 5d 48 3a 30 2e 30 30 54 3a 30 2e 30 30 50 3a 20 30 fb b6
29/06/2022 04:11;300;-72;50;3027760;368%;-;2c 01 28 5b 45 78 74 5d 48 3a 36 32 2e 33 30 54 3a 32 34 2e 34 30 49 3a 32 34 2e 35 32 5b 49 6e 74 5d 48 3a 30 2e 30 30 54 3a 30 2e 30 30 50 3a 20 30 aa 86
29/06/2022 04:10;300;-72;50;3028016;368%;-;2c 01 28 5b 45 78 74 5d 48 3a 36 32 2e 34 30 54 3a 32 34 2e 36 30 49 3a 32 34 2e 37 34 5b 49 6e 74 5d 48 3a 30 2e 30 30 54 3a 30 2e 30 30 50 3a 20 30 86 45
29/06/2022 04:09;300;-72;50;3028016;368%;-;2c 01 28 5b 45 78 74 5d 48 3a 36 32 2e 34 30 54 3a 32 34 2e 34 30 49 3a 32 34 2e 35 32 5b 49 6e 74 5d 48 3a 30 2e 30 30 54 3a 30 2e 30 30 50 3a 20 30 fb b6
29/06/2022 04:08;300;-58;46;3289172;416%;-;2c 01 28 45 78 74 5d 48 3a 36 32 2e 32 30 54 3a 32 34 2e 34 30 49 3a 32 34 2e 35 32 5b 49 6e 74 5d 48 3a 30 2e 30 30 54 3a 30 2e 30 30 50 3a 20 30 b8 89
29/06/2022 04:08;300;0;0;;-;-;2c 01 28 5b 7f 6b
29/06/2022 04:07;300;-72;50;3027504;368%;-;2c 01 28 5b 45 78 74 5d 48 3a 36 32 2e 32 30 54 3a 32 34 2e 33 30 49 3a 32 34 2e 34 31 5b 49 6e 74 5d 48 3a 30 2e 30 30 54 3a 30 2e 30 30 50 3a 20 30 0c 6f
29/06/2022 04:06;300;-72;50;3027504;368%;-;2c 01 28 5b 45 78 74 5d 48 3a 36 32 2e 32 30 54 3a 32 34 2e 33 30 49 3a 32 34 2e 34 31 5b 49 6e 74 5d 48 3a 30 2e 30 30 54 3a 30 2e 30 30 50 3a 20 30 0c 6f
29/06/2022 04:05;300;-72;50;3027504;368%;-;2c 01 28 5b 45 78 74 5d 48 3a 36 32 2e 32 30 54 3a 32 34 2e 36 30 49 3a 32 34 2e 37 34 5b 49 6e 74 5d 48 3a 30 2e 30 30 54 3a 30 2e 30 30 50 3a 20 30 cb e5
29/06/2022 04:04;300;-72;50;3026992;368%;-;2c 01 28 5b 45 78 74 5d 48 3a 36 32 2e 30 30 54 3a 32 34 2e 34 30 49 3a 32 34 2e 35 31 5b 49 6e 74 5d 48 3a 30 2e 30 30 54 3a 30 2e 30 30 50 3a 20 30 fe 63
29/06/2022 04:03;300;-72;50;3027248;368%;-;2c 01 28 5b 45 78 74 5d 48 3a 36 32 2e 31 30 54 3a 32 34 2e 36 30 49 3a 32 34 2e 37 34 5b 49 6e 74 5d 48 3a 30 2e 30 30 54 3a 30 2e 30 30 50 3a 20 30 ec 15
29/06/2022 04:02;300;-72;50;3027248;368%;-;2c 01 28 5b 45 78 74 5d 48 3a 36 32 2e 31 30 54 3a 32 34 2e 34 30 49 3a 32 34 2e 35 32 5b 49 6e 74 5d 48 3a 30 2e 30 30 54 3a 30 2e 30 30 50 3a 20 30 91 e6
29/06/2022 04:01;300;-72;50;3027248;368%;-;2c 01 28 5b 45 78 74 5d 48 3a 36 32 2e 31 30 54 3a 32 34 2e 34 30 49 3a 32 34 2e 35 32 5b 49 6e 74 5d 48 3a 30 2e 30 30 54 3a 30 2e 30 30 50 3a 20 30 91 e6
29/06/2022 04:00;300;-72;50;3026992;368%;-;2c 01 28 5b 45 78 74 5d 48 3a 36 32 2e 30 30 54 3a 32 34 2e 34 30 49 3a 32 34 2e 35 31 5b 49 6e 74 5d 48 3a 30 2e 30 30 54 3a 30 2e 30 30 50 3a 20 30 fe 63
29/06/2022 03:59;300;-72;50;3027248;368%;-;2c 01 28 5b 45 78 74 5d 48 3a 36 32 2e 31 30 54 3a 32 34 2e 35 30 49 3a 32 34 2e 36 33 5b 49 6e 74 5d 48 3a 30 2e 30 30 54 3a 30 2e 30 30 50 3a 20 30 14 9f
29/06/2022 03:57;300;-72;50;3027248;368%;-;2c 01 28 5b 45 78 74 5d 48 3a 36 32 2e 31 30 54 3a 32 34 2e 36 30 49 3a 32 34 2e 37 34 5b 49 6e 74 5d 48 3a 30 2e 30 30 54 3a 30 2e 30 30 50 3a 20 30 ec 15
29/06/2022 03:56;300;-72;50;3027248;368%;-;2c 01 28 5b 45 78 74 5d 48 3a 36 32 2e 31 30 54 3a 32 34 2e 36 30 49 3a 32 34 2e 37 34 5b 49 6e 74 5d 48 3a 30 2e 30 30 54 3a 30 2e 30 30 50 3a 20 30 ec 15
29/06/2022 03:55;300;-72;50;3027248;368%;-;2c 01 28 5b 45 78 74 5d 48 3a 36 32 2e 31 30 54 3a 32 34 2e 34 30 49 3a 32 34 2e 35 32 5b 49 6e 74 5d 48 3a 30 2e 30 30 54 3a 30 2e 30 30 50 3a 20 30 91 e6
29/06/2022 03:54;300;-72;50;3027248;368%;-;2c 01 28 5b 45 78 74 5d 48 3a 36 32 2e 31 30 54 3a 32 34 2e 34 30 49 3a 32 34 2e 35 32 5b 49 6e 74 5d 48 3a 30 2e 30 30 54 3a 30 2e 30 30 50 3a 20 30 91 e6
29/06/2022 03:53;255;-107;2;5417;-;-12;ff 00 28 12 02 19 67 00 6b 00 32 02 00 15 29 00 e6 b5 1a 0c 06 01 fd a5 ff ff 67 76 be 33
29/06/2022 03:53;300;-72;50;3027248;368%;-;2c 01 28 5b 45 78 74 5d 48 3a 36 32 2e 31 30 54 3a 32 34 2e 34 30 49 3a 32 34 2e 35 32 5b 49 6e 74 5d 48 3a 30 2e 30 30 54 3a 30 2e 30 30 50 3a 20 30 91 e6
29/06/2022 03:52;300;-72;50;3027248;368%;-;2c 01 28 5b 45 78 74 5d 48 3a 36 32 2e 31 30 54 3a 32 34 2e 34 30 49 3a 32 34 2e 35 32 5b 49 6e 74 5d 48 3a 30 2e 30 30 54 3a 30 2e 30 30 50 3a 20 30 91 e6
29/06/2022 03:51;300;-72;50;3027248;368%;-;2c 01 28 5b 45 78 74 5d 48 3a 36 32 2e 31 30 54 3a 32 34 2e 36 30 49 3a 32 34 2e 37 34 5b 49 6e 74 5d 48 3a 30 2e 30 30 54 3a 30 2e 30 30 50 3a 20 30 ec 15
29/06/2022 03:50;300;-72;50;3027504;368%;-;2c 01 28 5b 45 78 74 5d 48 3a 36 32 2e 32 30 54 3a 32 34 2e 37 30 49 3a 32 34 2e 38 35 5b 49 6e 74 5d 48 3a 30 2e 30 30 54 3a 30 2e 30 30 50 3a 20 30 1b c9
29/06/2022 03:49;300;-72;50;3027248;368%;-;2c 01 28 5b 45 78 74 5d 48 3a 36 32 2e 31 30 54 3a 32 34 2e 33 30 49 3a 32 34 2e 34 31 5b 49 6e 74 5d 48 3a 30 2e 30 30 54 3a 30 2e 30 30 50 3a 20 30 2b 9f
29/06/2022 03:48;255;-83;6;1712;80%;-;ff 00 28 12 02 19 67 00 53 00 31 06 00 06 b0 00 23 ea 1e 0a 07 5c cb 11 ff ff 67 76 ce 37
29/06/2022 03:48;300;-72;50;3026992;368%;-;2c 01 28 5b 45 78 74 5d 48 3a 36 32 2e 30 30 54 3a 32 34 2e 34 30 49 3a 32 34 2e 35 31 5b 49 6e 74 5d 48 3a 30 2e 30 30 54 3a 30 2e 30 30 50 3a 20 30 fe 63
29/06/2022 03:48;300;-33;25;15073595;2016%;-;2c 01 28 44 e5 49 11 11 21 71 fc 19 e6 01 3b 10 e7 42 31 fc 35 52
29/06/2022 03:47;300;-72;50;3027248;368%;-;2c 01 28 5b 45 78 74 5d 48 3a 36 32 2e 31 30 54 3a 32 34 2e 34 30 49 3a 32 34 2e 35 32 5b 49 6e 74 5d 48 3a 30 2e 30 30 54 3a 30 2e 30 30 50 3a 20 30 91 e6
29/06/2022 03:46;300;-72;50;3027504;368%;-;2c 01 28 5b 45 78 74 5d 48 3a 36 32 2e 32 30 54 3a 32 34 2e 36 30 49 3a 32 34 2e 37 34 5b 49 6e 74 5d 48 3a 30 2e 30 30 54 3a 30 2e 30 30 50 3a 20 30 cb e5
29/06/2022 03:45;300;-72;50;3027504;368%;-;2c 01 28 5b 45 78 74 5d 48 3a 36 32 2e 32 30 54 3a 32 34 2e 36 30 49 3a 32 34 2e 37 34 5b 49 6e 74 5d 48 3a 30 2e 30 30 54 3a 30 2e 30 30 50 3a 20 30 cb e5
29/06/2022 03:44;300;-72;50;3027504;368%;-;2c 01 28 5b 45 78 74 5d 48 3a 36 32 2e 32 30 54 3a 32 34 2e 34 30 49 3a 32 34 2e 35 32 5b 49 6e 74 5d 48 3a 30 2e 30 30 54 3a 30 2e 30 30 50 3a 20 30 b6 16
29/06/2022 03:43;300;-72;50;3027248;368%;-;2c 01 28 5b 45 78 74 5d 48 3a 36 32 2e 31 30 54 3a 32 34 2e 34 30 49 3a 32 34 2e 35 32 5b 49 6e 74 5d 48 3a 30 2e 30 30 54 3a 30 2e 30 30 50 3a 20 30 91 e6
29/06/2022 03:42;300;-72;50;3028016;368%;-;2c 01 28 5b 45 78 74 5d 48 3a 36 32 2e 34 30 54 3a 32 34 2e 37 30 49 3a 32 34 2e 38 35 5b 49 6e 74 5d 48 3a 30 2e 30 30 54 3a 30 2e 30 30 50 3a 20 30 56 69
29/06/2022 03:41;300;-72;50;3027760;368%;-;2c 01 28 5b 45 78 74 5d 48 3a 36 32 2e 33 30 54 3a 32 34 2e 37 30 49 3a 32 34 2e 38 35 5b 49 6e 74 5d 48 3a 30 2e 30 30 54 3a 30 2e 30 30 50 3a 20 30 07 59
29/06/2022 03:40;300;-72;50;3027248;368%;-;2c 01 28 5b 45 78 74 5d 48 3a 36 32 2e 31 30 54 3a 32 34 2e 36 30 49 3a 32 34 2e 37 34 5b 49 6e 74 5d 48 3a 30 2e 30 30 54 3a 30 2e 30 30 50 3a 20 30 ec 15
29/06/2022 03:39;300;-72;50;3027248;368%;-;2c 01 28 5b 45 78 74 5d 48 3a 36 32 2e 31 30 54 3a 32 34 2e 33 30 49 3a 32 34 2e 34 31 5b 49 6e 74 5d 48 3a 30 2e 30 30 54 3a 30 2e 30 30 50 3a 20 30 2b 9f
29/06/2022 03:38;300;-72;50;3027248;368%;-;2c 01 28 5b 45 78 74 5d 48 3a 36 32 2e 31 30 54 3a 32 34 2e 35 30 49 3a 32 34 2e 36 33 5b 49 6e 74 5d 48 3a 30 2e 30 30 54 3a 30 2e 30 30 50 3a 20 30 14 9f
29/06/2022 03:37;300;-72;50;3026992;368%;-;2c 01 28 5b 45 78 74 5d 48 3a 36 32 2e 30 30 54 3a 32 34 2e 34 30 49 3a 32 34 2e 35 31 5b 49 6e 74 5d 48 3a 30 2e 30 30 54 3a 30 2e 30 30 50 3a 20 30 fe 63
29/06/2022 03:36;300;-72;50;3027248;368%;-;2c 01 28 5b 45 78 74 5d 48 3a 36 32 2e 31 30 54 3a 32 34 2e 37 30 49 3a 32 34 2e 38 35 5b 49 6e 74 5d 48 3a 30 2e 30 30 54 3a 30 2e 30 30 50 3a 20 30 3c 39
29/06/2022 03:35;255;-65;8;16486;-;-72;ff 00 28 12 02 19 67 00 41 00 30 08 00 40 66 00 56 4d 3b 48 00 43 82 50 ff ff 67 76 a0 50
29/06/2022 03:35;255;-64;8;16486;800%;-;ff 00 28 12 02 19 67 00 40 00 2f 08 00 40 66 00 56 4c 3b 64 00 b2 0f 6d ff ff 67 76 f1 b9
29/06/2022 03:35;255;0;0;;-;-;ff 00 28 12 d7 d9
29/06/2022 03:35;255;-66;7;16486;-;-72;ff 00 28 12 02 19 67 00 42 00 2e 07 00 40 66 00 56 4b 3b 48 00 2a ac 18 ff ff 67 76 b6 70
29/06/2022 03:35;300;-72;50;3027504;368%;-;2c 01 28 5b 45 78 74 5d 48 3a 36 32 2e 32 30 54 3a 32 34 2e 37 30 49 3a 32 34 2e 38 35 5b 49 6e 74 5d 48 3a 30 2e 30 30 54 3a 30 2e 30 30 50 3a 20 30 1b c9
29/06/2022 03:34;300;-72;50;3026992;368%;-;2c 01 28 5b 45 78 74 5d 48 3a 36 32 2e 30 30 54 3a 32 34 2e 34 30 49 3a 32 34 2e 35 31 5b 49 6e 74 5d 48 3a 30 2e 30 30 54 3a 30 2e 30 30 50 3a 20 30 fe 63
29/06/2022 03:33;300;-72;50;3027248;368%;-;2c 01 28 5b 45 78 74 5d 48 3a 36 32 2e 31 30 54 3a 32 34 2e 35 30 49 3a 32 34 2e 36 33 5b 49 6e 74 5d 48 3a 30 2e 30 30 54 3a 30 2e 30 30 50 3a 20 30 14 9f
29/06/2022 03:32;300;-72;50;3027504;368%;-;2c 01 28 5b 45 78 74 5d 48 3a 36 32 2e 32 30 54 3a 32 34 2e 37 30 49 3a 32 34 2e 38 35 5b 49 6e 74 5d 48 3a 30 2e 30 30 54 3a 30 2e 30 30 50 3a 20 30 1b c9
29/06/2022 03:31;300;-72;50;3027248;368%;-;2c 01 28 5b 45 78 74 5d 48 3a 36 32 2e 31 30 54 3a 32 34 2e 37 30 49 3a 32 34 2e 38 35 5b 49 6e 74 5d 48 3a 30 2e 30 30 54 3a 30 2e 30 30 50 3a 20 30 3c 39
29/06/2022 03:30;300;-72;50;3026992;368%;-;2c 01 28 5b 45 78 74 5d 48 3a 36 32 2e 30 30 54 3a 32 34 2e 34 30 49 3a 32 34 2e 35 31 5b 49 6e 74 5d 48 3a 30 2e 30 30 54 3a 30 2e 30 30 50 3a 20 30 fe 63
29/06/2022 03:29;300;-72;50;3027248;368%;-;2c 01 28 5b 45 78 74 5d 48 3a 36 32 2e 31 30 54 3a 32 34 2e 37 30 49 3a 32 34 2e 38 35 5b 49 6e 74 5d 48 3a 30 2e 30 30 54 3a 30 2e 30 30 50 3a 20 30 3c 39
29/06/2022 03:28;300;-72;50;3027248;368%;-;2c 01 28 5b 45 78 74 5d 48 3a 36 32 2e 31 30 54 3a 32 34 2e 35 30 49 3a 32 34 2e 36 33 5b 49 6e 74 5d 48 3a 30 2e 30 30 54 3a 30 2e 30 30 50 3a 20 30 14 9f
29/06/2022 03:28;300;-71;253;15429379;-;-83;2c 01 28 44 61 d3 37 8d 47 60 71 fd eb 6f 03 71 a5 33 23 53 ff 92 c4
29/06/2022 03:27;300;-72;50;3027504;368%;-;2c 01 28 5b 45 78 74 5d 48 3a 36 32 2e 32 30 54 3a 32 34 2e 37 30 49 3a 32 34 2e 38 35 5b 49 6e 74 5d 48 3a 30 2e 30 30 54 3a 30 2e 30 30 50 3a 20 30 1b c9
29/06/2022 03:26;300;-72;50;3027504;368%;-;2c 01 28 5b 45 78 74 5d 48 3a 36 32 2e 32 30 54 3a 32 34 2e 37 30 49 3a 32 34 2e 38 35 5b 49 6e 74 5d 48 3a 30 2e 30 30 54 3a 30 2e 30 30 50 3a 20 30 1b c9
29/06/2022 03:25;300;-72;49;3029296;368%;-;2c 01 28 5b 45 78 74 5d 48 3a 36 31 2e 39 30 54 3a 32 34 2e 34 30 49 3a 32 34 2e 35 31 5b 49 6e 74 5d 48 3a 30 2e 30 30 54 3a 30 2e 30 30 50 3a 20 30 16 87
29/06/2022 03:24;255;0;0;;-;-;ff 00 28 12 d7 d9
29/06/2022 03:24;300;-58;46;3158100;416%;-;2c 01 28 45 78 74 5d 48 3a 36 32 2e 30 30 54 3a 32 34 2e 34 30 49 3a 32 34 2e 35 31 5b 49 6e 74 5d 48 3a 30 2e 30 30 54 3a 30 2e 30 30 50 3a 20 30 f0 fc
29/06/2022 03:24;300;0;0;;-;-;2c 01 28 5b 7f 6b
29/06/2022 03:23;300;-72;50;3026992;368%;-;2c 01 28 5b 45 78 74 5d 48 3a 36 32 2e 30 30 54 3a 32 34 2e 34 30 49 3a 32 34 2e 35 31 5b 49 6e 74 5d 48 3a 30 2e 30 30 54 3a 30 2e 30 30 50 3a 20 30 fe 63
29/06/2022 03:22;300;-72;50;3027504;368%;-;2c 01 28 5b 45 78 74 5d 48 3a 36 32 2e 32 30 54 3a 32 34 2e 37 30 49 3a 32 34 2e 38 35 5b 49 6e 74 5d 48 3a 30 2e 30 30 54 3a 30 2e 30 30 50 3a 20 30 1b c9
29/06/2022 03:21;300;-72;50;3027760;368%;-;2c 01 28 5b 45 78 74 5d 48 3a 36 32 2e 33 30 54 3a 32 34 2e 37 30 49 3a 32 34 2e 38 35 5b 49 6e 74 5d 48 3a 30 2e 30 30 54 3a 30 2e 30 30 50 3a 20 30 07 59
29/06/2022 03:20;300;-72;50;3027504;368%;-;2c 01 28 5b 45 78 74 5d 48 3a 36 32 2e 32 30 54 3a 32 34 2e 37 30 49 3a 32 34 2e 38 35 5b 49 6e 74 5d 48 3a 30 2e 30 30 54 3a 30 2e 30 30 50 3a 20 30 1b c9
29/06/2022 03:19;300;-72;50;3027248;368%;-;2c 01 28 5b 45 78 74 5d 48 3a 36 32 2e 31 30 54 3a 32 34 2e 34 30 49 3a 32 34 2e 35 32 5b 49 6e 74 5d 48 3a 30 2e 30 30 54 3a 30 2e 30 30 50 3a 20 30 91 e6
29/06/2022 03:18;300;-72;50;3027248;368%;-;2c 01 28 5b 45 78 74 5d 48 3a 36 32 2e 31 30 54 3a 32 34 2e 36 30 49 3a 32 34 2e 37 34 5b 49 6e 74 5d 48 3a 30 2e 30 30 54 3a 30 2e 30 30 50 3a 20 30 ec 15
29/06/2022 03:16;300;-72;50;3028016;368%;-;2c 01 28 5b 45 78 74 5d 48 3a 36 32 2e 34 30 54 3a 32 34 2e 37 30 49 3a 32 34 2e 38 35 5b 49 6e 74 5d 48 3a 30 2e 30 30 54 3a 30 2e 30 30 50 3a 20 30 56 69
29/06/2022 03:15;300;-72;50;3027504;368%;-;2c 01 28 5b 45 78 74 5d 48 3a 36 32 2e 32 30 54 3a 32 34 2e 38 30 49 3a 32 34 2e 39 36 5b 49 6e 74 5d 48 3a 30 2e 30 30 54 3a 30 2e 30 30 50 3a 20 30 af b0
29/06/2022 03:14;300;-72;50;3027760;368%;-;2c 01 28 5b 45 78 74 5d 48 3a 36 32 2e 33 30 54 3a 32 34 2e 37 30 49 3a 32 34 2e 38 35 5b 49 6e 74 5d 48 3a 30 2e 30 30 54 3a 30 2e 30 30 50 3a 20 30 07 59
29/06/2022 03:13;300;-72;50;3027504;368%;-;2c 01 28 5b 45 78 74 5d 48 3a 36 32 2e 32 30 54 3a 32 34 2e 37 30 49 3a 32 34 2e 38 35 5b 49 6e 74 5d 48 3a 30 2e 30 30 54 3a 30 2e 30 30 50 3a 20 30 1b c9
29/06/2022 03:12;300;-72;50;3027248;368%;-;2c 01 28 5b 45 78 74 5d 48 3a 36 32 2e 31 30 54 3a 32 34 2e 35 30 49 3a 32 34 2e 36 33 5b 49 6e 74 5d 48 3a 30 2e 30 30 54 3a 30 2e 30 30 50 3a 20 30 14 9f
29/06/2022 03:11;300;-72;50;3026992;368%;-;2c 01 28 5b 45 78 74 5d 48 3a 36 32 2e 30 30 54 3a 32 34 2e 34 30 49 3a 32 34 2e 35 31 5b 49 6e 74 5d 48 3a 30 2e 30 30 54 3a 30 2e 30 30 50 3a 20 30 fe 63
29/06/2022 03:10;300;-72;50;3027248;368%;-;2c 01 28 5b 45 78 74 5d 48 3a 36 32 2e 31 30 54 3a 32 34 2e 37 30 49 3a 32 34 2e 38 35 5b 49 6e 74 5d 48 3a 30 2e 30 30 54 3a 30 2e 30 30 50 3a 20 30 3c 39
29/06/2022 03:09;300;-72;50;3027504;368%;-;2c 01 28 5b 45 78 74 5d 48 3a 36 32 2e 32 30 54 3a 32 34 2e 37 30 49 3a 32 34 2e 38 35 5b 49 6e 74 5d 48 3a 30 2e 30 30 54 3a 30 2e 30 30 50 3a 20 30 1b c9
29/06/2022 03:08;300;-72;50;3026992;368%;-;2c 01 28 5b 45 78 74 5d 48 3a 36 32 2e 30 30 54 3a 32 34 2e 36 30 49 3a 32 34 2e 37 33 5b 49 6e 74 5d 48 3a 30 2e 30 30 54 3a 30 2e 30 30 50 3a 20 30 c6 63
29/06/2022 03:07;300;-72;49;3029296;368%;-;2c 01 28 5b 45 78 74 5d 48 3a 36 31 2e 39 30 54 3a 32 34 2e 36 30 49 3a 32 34 2e 37 33 5b 49 6e 74 5d 48 3a 30 2e 30 30 54 3a 30 2e 30 30 50 3a 20 30 2e 87
29/06/2022 03:07;300;-35;25;15107009;-;-92;2c 01 28 44 61 61 02 96 23 6d fd 19 e6 83 c1 9c e7 2f 81 5c 18
29/06/2022 03:06;300;-72;50;3027248;368%;-;2c 01 28 5b 45 78 74 5d 48 3a 36 32 2e 31 30 54 3a 32 34 2e 37 30 49 3a 32 34 2e 38 35 5b 49 6e 74 5d 48 3a 30 2e 30 30 54 3a 30 2e 30 30 50 3a 20 30 3c 39
29/06/2022 03:05;300;-72;50;3027248;368%;-;2c 01 28 5b 45 78 74 5d 48 3a 36 32 2e 31 30 54 3a 32 34 2e 37 30 49 3a 32 34 2e 38 35 5b 49 6e 74 5d 48 3a 30 2e 30 30 54 3a 30 2e 30 30 50 3a 20 30 3c 39
29/06/2022 03:04;300;-72;49;3029296;368%;-;2c 01 28 5b 45 78 74 5d 48 3a 36 31 2e 39 30 54 3a 32 34 2e 36 30 49 3a 32 34 2e 37 33 5b 49 6e 74 5d 48 3a 30 2e 30 30 54 3a 30 2e 30 30 50 3a 20 30 2e 87
29/06/2022 03:03;300;-72;49;3029296;368%;-;2c 01 28 5b 45 78 74 5d 48 3a 36 31 2e 39 30 54 3a 32 34 2e 37 30 49 3a 32 34 2e 38 34 5b 49 6e 74 5d 48 3a 30 2e 30 30 54 3a 30 2e 30 30 50 3a 20 30 18 81
29/06/2022 03:02;300;-72;49;3028784;368%;-;2c 01 28 5b 45 78 74 5d 48 3a 36 31 2e 37 30 54 3a 32 34 2e 35 30 49 3a 32 34 2e 36 32 5b 49 6e 74 5d 48 3a 30 2e 30 30 54 3a 30 2e 30 30 50 3a 20 30 92 47
29/06/2022 03:01;300;-72;49;3028784;368%;-;2c 01 28 5b 45 78 74 5d 48 3a 36 31 2e 37 30 54 3a 32 34 2e 34 30 49 3a 32 34 2e 35 31 5b 49 6e 74 5d 48 3a 30 2e 30 30 54 3a 30 2e 30 30 50 3a 20 30 b4 e7
29/06/2022 03:00;300;-72;49;3029296;368%;-;2c 01 28 5b 45 78 74 5d 48 3a 36 31 2e 39 30 54 3a 32 34 2e 38 30 49 3a 32 34 2e 39 35 5b 49 6e 74 5d 48 3a 30 2e 30 30 54 3a 30 2e 30 30 50 3a 20 30 0f 21
29/06/2022 02:59;300;-58;46;3682388;424%;-;2c 01 28 45 78 74 5d 48 3a 36 31 2e 38 30 54 3a 32 34 2e 35 30 49 3a 32 34 2e 36 32 5b 49 6e 74 5d 48 3a 30 2e 30 30 54 3a 30 2e 30 30 50 3a 20 30 22 28
29/06/2022 02:59;300;0;0;;-;-;2c 01 28 5b 7f 6b
29/06/2022 02:58;300;-72;49;3029296;368%;-;2c 01 28 5b 45 78 74 5d 48 3a 36 31 2e 39 30 54 3a 32 34 2e 37 30 49 3a 32 34 2e 38 34 5b 49 6e 74 5d 48 3a 30 2e 30 30 54 3a 30 2e 30 30 50 3a 20 30 18 81
29/06/2022 02:57;300;-72;49;3029296;368%;-;2c 01 28 5b 45 78 74 5d 48 3a 36 31 2e 39 30 54 3a 32 34 2e 38 30 49 3a 32 34 2e 39 35 5b 49 6e 74 5d 48 3a 30 2e 30 30 54 3a 30 2e 30 30 50 3a 20 30 0f 21
29/06/2022 02:56;300;-72;49;3029296;368%;-;2c 01 28 5b 45 78 74 5d 48 3a 36 31 2e 39 30 54 3a 32 34 2e 38 30 49 3a 32 34 2e 39 35 5b 49 6e 74 5d 48 3a 30 2e 30 30 54 3a 30 2e 30 30 50 3a 20 30 0f 21
29/06/2022 02:55;300;-72;49;3029296;368%;-;2c 01 28 5b 45 78 74 5d 48 3a 36 31 2e 39 30 54 3a 32 34 2e 37 30 49 3a 32 34 2e 38 34 5b 49 6e 74 5d 48 3a 30 2e 30 30 54 3a 30 2e 30 30 50 3a 20 30 18 81
29/06/2022 02:54;300;-72;49;3029296;368%;-;2c 01 28 5b 45 78 74 5d 48 3a 36 31 2e 39 30 54 3a 32 34 2e 37 30 49 3a 32 34 2e 38 34 5b 49 6e 74 5d 48 3a 30 2e 30 30 54 3a 30 2e 30 30 50 3a 20 30 18 81
29/06/2022 02:53;300;-72;49;3029296;368%;-;2c 01 28 5b 45 78 74 5d 48 3a 36 31 2e 39 30 54 3a 32 34 2e 38 30 49 3a 32 34 2e 39 35 5b 49 6e 74 5d 48 3a 30 2e 30 30 54 3a 30 2e 30 30 50 3a 20 30 0f 21
29/06/2022 02:52;300;-72;49;3028784;368%;-;2c 01 28 5b 45 78 74 5d 48 3a 36 31 2e 37 30 54 3a 32 34 2e 36 30 49 3a 32 34 2e 37 33 5b 49 6e 74 5d 48 3a 30 2e 30 30 54 3a 30 2e 30 30 50 3a 20 30 8c e7
29/06/2022 02:51;300;-72;49;3029296;368%;-;2c 01 28 5b 45 78 74 5d 48 3a 36 31 2e 39 30 54 3a 32 34 2e 38 30 49 3a 32 34 2e 39 35 5b 49 6e 74 5d 48 3a 30 2e 30 30 54 3a 30 2e 30 30 50 3a 20 30 0f 21
29/06/2022 02:50;255;-107;2;5417;56%;-;ff 00 28 12 02 19 67 00 6b 00 2b 02 00 15 29 00 e6 b4 1a 07 06 5e c7 a9 ff ff 67 76 a4 fa
29/06/2022 02:50;255;-107;2;5417;56%;-;ff 00 28 12 02 19 67 00 6b 00 2b 02 00 15 29 00 e6 b4 1a 07 06 5e c7 a9 ff ff 67 76 a4 fa
29/06/2022 02:50;300;-72;49;3029296;368%;-;2c 01 28 5b 45 78 74 5d 48 3a 36 31 2e 39 30 54 3a 32 34 2e 38 30 49 3a 32 34 2e 39 35 5b 49 6e 74 5d 48 3a 30 2e 30 30 54 3a 30 2e 30 30 50 3a 20 30 0f 21
29/06/2022 02:49;300;-72;49;3029296;368%;-;2c 01 28 5b 45 78 74 5d 48 3a 36 31 2e 39 30 54 3a 32 34 2e 38 30 49 3a 32 34 2e 39 35 5b 49 6e 74 5d 48 3a 30 2e 30 30 54 3a 30 2e 30 30 50 3a 20 30 0f 21
29/06/2022 02:48;300;-72;49;3029040;368%;-;2c 01 28 5b 45 78 74 5d 48 3a 36 31 2e 38 30 54 3a 32 34 2e 36 30 49 3a 32 34 2e 37 33 5b 49 6e 74 5d 48 3a 30 2e 30 30 54 3a 30 2e 30 30 50 3a 20 30 32 17
29/06/2022 02:47;300;-72;49;3029296;368%;-;2c 01 28 5b 45 78 74 5d 48 3a 36 31 2e 39 30 54 3a 32 34 2e 39 30 49 3a 32 35 2e 30 36 5b 49 6e 74 5d 48 3a 30 2e 30 30 54 3a 30 2e 30 30 50 3a 20 30 83 a7
29/06/2022 02:46;255;-85;6;1712;-;-9;ff 00 28 12 02 19 67 00 55 00 2a 06 00 06 b0 00 23 e9 1e 09 07 af 8e e5 ff ff 67 76 57 49
29/06/2022 02:46;300;-72;49;3029296;368%;-;2c 01 28 5b 45 78 74 5d 48 3a 36 31 2e 39 30 54 3a 32 34 2e 37 30 49 3a 32 34 2e 38 34 5b 49 6e 74 5d 48 3a 30 2e 30 30 54 3a 30 2e 30 30 50 3a 20 30 18 81
29/06/2022 02:45;300;-72;49;3029296;368%;-;2c 01 28 5b 45 78 74 5d 48 3a 36 31 2e 39 30 54 3a 32 34 2e 37 30 49 3a 32 34 2e 38 34 5b 49 6e 74 5d 48 3a 30 2e 30 30 54 3a 30 2e 30 30 50 3a 20 30 18 81
29/06/2022 02:44;300;-72;49;3029296;368%;-;2c 01 28 5b 45 78 74 5d 48 3a 36 31 2e 39 30 54 3a 32 34 2e 37 30 49 3a 32 34 2e 38 34 5b 49 6e 74 5d 48 3a 30 2e 30 30 54 3a 30 2e 30 30 50 3a 20 30 18 81
29/06/2022 02:43;300;-72;49;3029040;368%;-;2c 01 28 5b 45 78 74 5d 48 3a 36 31 2e 38 30 54 3a 32 34 2e 37 30 49 3a 32 34 2e 38 34 5b 49 6e 74 5d 48 3a 30 2e 30 30 54 3a 30 2e 30 30 50 3a 20 30 04 11
29/06/2022 02:42;300;-72;49;3029040;368%;-;2c 01 28 5b 45 78 74 5d 48 3a 36 31 2e 38 30 54 3a 32 34 2e 38 30 49 3a 32 34 2e 39 35 5b 49 6e 74 5d 48 3a 30 2e 30 30 54 3a 30 2e 30 30 50 3a 20 30 13 b1
29/06/2022 02:41;300;-72;49;3028784;368%;-;2c 01 28 5b 45 78 74 5d 48 3a 36 31 2e 37 30 54 3a 32 34 2e 38 30 49 3a 32 34 2e 39 35 5b 49 6e 74 5d 48 3a 30 2e 30 30 54 3a 30 2e 30 30 50 3a 20 30 ad 41
29/06/2022 02:40;300;-72;49;3028784;368%;-;2c 01 28 5b 45 78 74 5d 48 3a 36 31 2e 37 30 54 3a 32 34 2e 37 30 49 3a 32 34 2e 38 34 5b 49 6e 74 5d 48 3a 30 2e 30 30 54 3a 30 2e 30 30 50 3a 20 30 ba e1
29/06/2022 02:39;300;-72;49;3028528;368%;-;2c 01 28 5b 45 78 74 5d 48 3a 36 31 2e 36 30 54 3a 32 34 2e 38 30 49 3a 32 34 2e 39 34 5b 49 6e 74 5d 48 3a 30 2e 30 30 54 3a 30 2e 30 30 50 3a 20 30 61 1d
29/06/2022 02:37;300;-72;49;3028528;368%;-;2c 01 28 5b 45 78 74 5d 48 3a 36 31 2e 36 30 54 3a 32 34 2e 38 30 49 3a 32 34 2e 39 34 5b 49 6e 74 5d 48 3a 30 2e 30 30 54 3a 30 2e 30 30 50 3a 20 30 61 1d
29/06/2022 02:36;300;-72;49;3028272;368%;-;2c 01 28 5b 45 78 74 5d 48 3a 36 31 2e 35 30 54 3a 32 34 2e 36 30 49 3a 32 34 2e 37 32 5b 49 6e 74 5d 48 3a 30 2e 30 30 54 3a 30 2e 30 30 50 3a 20 30 67 4b
29/06/2022 02:35;300;-72;49;3028272;368%;-;2c 01 28 5b 45 78 74 5d 48 3a 36 31 2e 35 30 54 3a 32 34 2e 38 30 49 3a 32 34 2e 39 34 5b 49 6e 74 5d 48 3a 30 2e 30 30 54 3a 30 2e 30 30 50 3a 20 30 46 ed
29/06/2022 02:34;300;-72;49;3028016;368%;-;2c 01 28 5b 45 78 74 5d 48 3a 36 31 2e 34 30 54 3a 32 34 2e 38 30 49 3a 32 34 2e 39 34 5b 49 6e 74 5d 48 3a 30 2e 30 30 54 3a 30 2e 30 30 50 3a 20 30 5a 7d
29/06/2022 02:33;255;-66;8;16486;800%;-;ff 00 28 12 02 19 67 00 42 00 28 08 00 40 66 00 56 4a 3b 64 00 ba c9 e4 ff ff 67 76 62 df
29/06/2022 02:33;255;-66;8;16486;-;-75;ff 00 28 12 02 19 67 00 42 00 27 08 00 40 66 00 56 49 3b 4b 00 56 8d 90 ff ff 67 76 14 3c
29/06/2022 02:32;300;-72;49;3028016;368%;-;2c 01 28 5b 45 78 74 5d 48 3a 36 31 2e 34 30 54 3a 32 34 2e 38 30 49 3a 32 34 2e 39 34 5b 49 6e 74 5d 48 3a 30 2e 30 30 54 3a 30 2e 30 30 50 3a 20 30 5a 7d
29/06/2022 02:31;300;-72;49;3028016;368%;-;2c 01 28 5b 45 78 74 5d 48 3a 36 31 2e 34 30 54 3a 32 34 2e 38 30 49 3a 32 34 2e 39 34 5b 49 6e 74 5d 48 3a 30 2e 30 30 54 3a 30 2e 30 30 50 3a 20 30 5a 7d
29/06/2022 02:30;300;-72;49;3028016;368%;-;2c 01 28 5b 45 78 74 5d 48 3a 36 31 2e 34 30 54 3a 32 34 2e 38 30 49 3a 32 34 2e 39 34 5b 49 6e 74 5d 48 3a 30 2e 30 30 54 3a 30 2e 30 30 50 3a 20 30 5a 7d
29/06/2022 02:29;300;-72;49;3028016;368%;-;2c 01 28 5b 45 78 74 5d 48 3a 36 31 2e 34 30 54 3a 32 34 2e 38 30 49 3a 32 34 2e 39 34 5b 49 6e 74 5d 48 3a 30 2e 30 30 54 3a 30 2e 30 30 50 3a 20 30 5a 7d
29/06/2022 02:28;300;-72;49;3028016;368%;-;2c 01 28 5b 45 78 74 5d 48 3a 36 31 2e 34 30 54 3a 32 34 2e 38 30 49 3a 32 34 2e 39 34 5b 49 6e 74 5d 48 3a 30 2e 30 30 54 3a 30 2e 30 30 50 3a 20 30 5a 7d
29/06/2022 02:27;300;-72;49;3028272;368%;-;2c 01 28 5b 45 78 74 5d 48 3a 36 31 2e 35 30 54 3a 32 34 2e 38 30 49 3a 32 34 2e 39 34 5b 49 6e 74 5d 48 3a 30 2e 30 30 54 3a 30 2e 30 30 50 3a 20 30 46 ed
29/06/2022 02:26;300;-72;49;3028528;368%;-;2c 01 28 5b 45 78 74 5d 48 3a 36 31 2e 36 30 54 3a 32 34 2e 39 30 49 3a 32 35 2e 30 35 5b 49 6e 74 5d 48 3a 30 2e 30 30 54 3a 30 2e 30 30 50 3a 20 30 4e 42
29/06/2022 02:25;300;-72;49;3028272;368%;-;2c 01 28 5b 45 78 74 5d 48 3a 36 31 2e 35 30 54 3a 32 34 2e 38 30 49 3a 32 34 2e 39 34 5b 49 6e 74 5d 48 3a 30 2e 30 30 54 3a 30 2e 30 30 50 3a 20 30 46 ed
29/06/2022 02:24;300;-72;49;3028016;368%;-;2c 01 28 5b 45 78 74 5d 48 3a 36 31 2e 34 30 54 3a 32 34 2e 38 30 49 3a 32 34 2e 39 34 5b 49 6e 74 5d 48 3a 30 2e 30 30 54 3a 30 2e 30 30 50 3a 20 30 5a 7d
29/06/2022 02:23;300;-72;49;3028016;368%;-;2c 01 28 5b 45 78 74 5d 48 3a 36 31 2e 34 30 54 3a 32 34 2e 38 30 49 3a 32 34 2e 39 34 5b 49 6e 74 5d 48 3a 30 2e 30 30 54 3a 30 2e 30 30 50 3a 20 30 5a 7d
29/06/2022 02:22;300;-72;49;3028016;368%;-;2c 01 28 5b 45 78 74 5d 48 3a 36 31 2e 34 30 54 3a 32 34 2e 38 30 49 3a 32 34 2e 39 34 5b 49 6e 74 5d 48 3a 30 2e 30 30 54 3a 30 2e 30 30 50 3a 20 30 5a 7d
29/06/2022 02:21;300;-72;49;3028272;368%;-;2c 01 28 5b 45 78 74 5d 48 3a 36 31 2e 35 30 54 3a 32 34 2e 39 30 49 3a 32 35 2e 30 35 5b 49 6e 74 5d 48 3a 30 2e 30 30 54 3a 30 2e 30 30 50 3a 20 30 69 b2
29/06/2022 02:20;300;-72;49;3028016;368%;-;2c 01 28 5b 45 78 74 5d 48 3a 36 31 2e 34 30 54 3a 32 34 2e 38 30 49 3a 32 34 2e 39 34 5b 49 6e 74 5d 48 3a 30 2e 30 30 54 3a 30 2e 30 30 50 3a 20 30 5a 7d
29/06/2022 02:20;255;-73;7;5580;80%;-;ff 00 28 12 02 19 67 00 49 00 26 07 00 15 cc 00 50 92 1a 0a 06 05 19 a4 ff ff 67 76 4d f0
29/06/2022 02:19;300;-72;49;3028016;368%;-;2c 01 28 5b 45 78 74 5d 48 3a 36 31 2e 34 30 54 3a 32 34 2e 37 30 49 3a 32 34 2e 38 33 5b 49 6e 74 5d 48 3a 30 2e 30 30 54 3a 30 2e 30 30 50 3a 20 30 ab f7
29/06/2022 02:18;300;-72;49;3028016;368%;-;2c 01 28 5b 45 78 74 5d 48 3a 36 31 2e 34 30 54 3a 32 34 2e 37 30 49 3a 32 34 2e 38 33 5b 49 6e 74 5d 48 3a 30 2e 30 30 54 3a 30 2e 30 30 50 3a 20 30 ab f7
